view_id,groups,components,unknown_components,fully_admitted_groups,prior_candidate_groups
V_042,9,33,6,1,8
V_017,6,36,9,2,3
V_007,7,33,6,1,7
V_032,6,22,0,5,4
V_015,2,17,7,0,4
V_033,1,30,1,0,5
V_027,2,11,5,0,7
V_025,8,29,2,3,6
V_045,10,25,5,1,5
V_019,9,23,6,0,8
V_044,2,19,9,0,5
V_004,14,39,6,3,17
V_070,6,27,4,1,10
V_071,3,26,5,0,2
V_075,4,17,4,1,4
V_073,4,10,0,2,2
V_060,9,38,5,2,11
V_086,14,49,6,4,11
V_057,3,19,4,0,10
V_085,8,23,1,3,7
V_104,12,29,8,1,4
V_095,7,22,9,1,10
V_103,7,37,6,0,2
V_082,11,82,33,3,13
V_144,11,32,5,3,11
V_142,5,19,4,0,4
V_138,11,40,12,1,9
V_149,10,28,13,2,9
V_146,12,39,8,1,6
V_143,9,27,12,0,8
V_156,10,53,10,2,12
V_140,9,37,6,1,11
V_154,15,43,12,4,8
V_110,13,40,5,4,10
V_117,10,29,11,0,6
V_187,11,53,8,0,8
V_196,14,39,8,3,7
V_169,9,44,5,0,5
V_195,7,42,9,0,7
V_193,12,41,7,2,6
V_168,5,13,10,0,3
V_157,9,39,6,1,8
V_191,10,30,2,7,8
V_189,16,41,5,7,7
V_202,10,41,5,1,12
V_188,18,32,3,7,7
V_185,12,32,3,8,6
