view_id,split,candidate_groups,admitted_groups,medium_instances,admitted_medium_instances
V_004,calibration,421,47,991,225
V_005,calibration,101,28,237,113
V_006,train,135,27,281,106
V_007,train,46,12,127,50
V_008,test,110,29,214,58
V_009,test,110,17,244,67
V_010,validation,136,19,289,43
V_011,validation,107,24,244,92
V_012,train,46,7,122,37
V_013,train,38,8,125,50
V_014,train,118,24,268,71
V_015,train,198,30,366,83
V_016,train,96,25,196,76
V_017,train,103,23,210,70
V_018,test,235,41,537,145
V_019,test,159,33,310,120
V_020,validation,106,24,219,87
V_021,validation,105,11,244,68
V_022,validation,102,20,284,94
V_023,validation,66,16,133,38
V_024,validation,49,6,131,39
V_025,validation,65,12,151,38
V_026,validation,83,21,185,73
V_027,validation,50,6,137,53
V_028,train,114,13,255,72
V_029,train,52,8,155,53
V_030,test,110,20,315,61
V_031,test,63,13,180,69
V_032,train,119,20,238,76
V_033,train,125,11,291,61
V_034,train,115,8,279,60
V_035,train,187,52,329,126
V_036,train,183,31,342,106
V_037,train,74,32,149,79
V_038,test,106,12,240,46
V_039,test,109,7,252,40
V_040,train,128,25,330,112
V_041,train,100,19,250,66
V_042,train,98,14,313,81
V_043,train,49,5,139,45
V_044,test,101,12,228,52
V_045,test,73,6,187,30
V_046,validation,128,33,325,117
V_047,validation,129,39,248,107
V_048,validation,84,22,154,62
V_049,validation,133,17,283,70
V_050,train,64,7,144,43
V_051,train,74,17,177,69
V_052,calibration,108,21,222,65
V_053,calibration,103,19,200,79
V_054,train,116,29,256,93
V_055,train,82,14,223,73
V_056,validation,81,14,204,52
V_057,validation,84,12,205,39
V_058,train,74,15,209,57
V_059,train,121,17,276,62
V_060,train,99,9,237,65
V_061,train,58,9,123,44
V_062,validation,171,21,318,78
V_063,validation,126,32,296,119
V_064,test,113,12,242,64
V_065,test,85,13,200,59
V_066,train,89,28,211,103
V_067,train,149,35,290,111
V_068,train,155,34,344,111
V_069,train,119,31,252,117
V_070,train,139,23,290,67
V_071,train,107,12,279,77
V_072,train,83,16,182,48
V_073,train,80,13,163,53
V_074,train,89,10,237,55
V_075,train,113,14,251,64
V_076,train,33,3,109,40
V_077,train,54,13,147,47
V_078,train,188,50,378,155
V_079,train,117,29,302,133
V_080,train,115,38,270,118
V_081,train,142,24,297,105
V_082,calibration,124,8,268,87
V_083,calibration,92,28,160,60
V_084,validation,189,50,463,186
V_085,validation,162,35,334,136
V_086,train,170,39,396,145
V_087,train,185,49,381,156
V_088,test,89,20,238,74
V_089,test,125,24,282,77
V_090,train,122,27,279,98
V_091,train,53,15,111,46
V_092,train,196,44,383,139
V_093,train,131,21,322,87
V_094,test,114,24,233,79
V_095,test,111,28,253,106
V_096,test,110,22,217,70
V_097,test,113,13,206,55
V_098,test,177,37,425,184
V_099,test,199,34,580,191
V_100,train,119,35,272,118
V_101,train,106,38,244,140
V_102,test,91,21,178,64
V_103,test,91,15,193,60
V_104,test,70,7,205,48
V_105,test,115,22,265,87
V_106,test,78,19,165,62
V_107,test,121,27,290,102
V_108,test,149,51,267,113
V_109,test,141,29,271,78
V_110,test,117,36,277,125
V_111,test,89,20,218,72
V_112,train,97,28,256,134
V_113,train,89,18,209,82
V_114,train,159,26,400,119
V_115,train,0,0,0,0
V_116,calibration,364,78,787,272
V_117,calibration,403,89,761,211
V_118,train,0,0,0,0
V_119,train,83,4,201,32
V_120,test,368,58,837,253
V_121,test,90,5,271,63
V_122,calibration,94,18,212,77
V_123,calibration,0,0,0,0
V_124,train,0,0,0,0
V_125,train,197,25,376,63
V_126,calibration,50,12,105,37
V_127,calibration,178,14,360,65
V_128,calibration,0,0,0,0
V_129,calibration,0,0,0,0
V_130,validation,0,0,0,0
V_131,validation,0,0,0,0
V_132,validation,0,0,0,0
V_133,validation,0,0,0,0
V_134,train,0,0,0,0
V_135,train,0,0,0,0
V_136,calibration,380,83,719,241
V_137,calibration,280,66,492,171
V_138,train,449,118,842,273
V_139,train,400,87,755,255
V_140,test,412,102,703,235
V_141,test,401,101,710,258
V_142,train,324,67,527,165
V_143,train,288,63,560,185
V_144,train,542,129,1116,373
V_145,train,507,99,967,288
V_146,train,481,85,882,304
V_147,train,457,83,938,290
V_148,train,241,47,464,123
V_149,train,262,42,497,126
V_150,calibration,147,43,230,94
V_151,calibration,359,84,600,212
V_152,test,322,91,607,186
V_153,test,294,63,555,149
V_154,test,296,64,549,184
V_155,test,288,70,578,173
V_156,validation,404,107,905,351
V_157,validation,570,193,934,410
V_158,validation,511,90,1006,342
V_159,validation,0,0,0,0
V_160,validation,125,19,280,89
V_161,validation,111,12,237,50
V_162,calibration,132,51,235,105
V_163,calibration,1467,114,2525,392
V_164,calibration,212,20,556,106
V_165,calibration,750,97,1358,312
V_166,calibration,145,31,278,86
V_167,calibration,105,15,248,84
V_168,train,170,31,348,135
V_169,train,94,25,195,96
V_170,train,81,24,173,88
V_171,train,430,64,943,268
V_172,train,73,25,179,95
V_173,train,95,28,202,101
V_174,validation,82,20,187,95
V_175,validation,105,6,252,61
V_176,calibration,188,45,380,163
V_177,calibration,177,26,391,110
V_178,test,99,20,260,90
V_179,test,1100,90,2352,385
V_180,test,86,21,218,79
V_181,test,888,101,1642,328
V_182,test,227,39,515,125
V_183,test,111,25,277,96
V_184,calibration,509,94,1042,331
V_185,calibration,385,78,784,258
V_186,train,524,114,967,298
V_187,train,600,108,1050,305
V_188,test,460,74,931,226
V_189,test,399,92,690,238
V_190,validation,515,114,1152,357
V_191,validation,536,137,984,362
V_192,train,529,123,958,282
V_193,train,508,98,922,264
V_194,train,581,154,1063,377
V_195,train,436,102,797,284
V_196,train,558,131,1128,415
V_197,train,493,100,987,327
V_198,calibration,412,103,877,269
V_199,calibration,475,98,841,254
V_200,validation,558,156,1068,505
V_201,validation,504,145,937,391
V_202,test,468,85,767,244
V_203,test,501,59,998,218
V_204,train,370,98,643,270
V_205,train,608,80,1172,340
V_206,train,569,112,1099,329
V_207,train,73,2,187,23
