view_id,split,assemblies,tall_candidates,frame_candidates,connected_cut_candidates,regular_repetition_candidates,erosion_sensitive
V_004,calibration,991,156,6,409,170,550
V_005,calibration,237,55,1,138,62,134
V_006,train,281,35,2,114,71,138
V_007,train,127,28,0,81,34,75
V_008,test,214,56,1,115,67,127
V_009,test,244,62,2,104,48,150
V_010,validation,289,55,6,106,59,190
V_011,validation,244,53,5,139,58,156
V_012,train,122,30,0,71,34,81
V_013,train,125,21,2,63,26,48
V_014,train,268,46,5,111,60,173
V_015,train,366,77,7,155,85,218
V_016,train,196,33,0,95,42,111
V_017,train,210,48,3,99,51,101
V_018,test,537,100,8,228,100,330
V_019,test,310,76,9,151,59,154
V_020,validation,219,64,4,122,71,130
V_021,validation,244,47,5,117,82,134
V_022,validation,284,52,0,148,67,150
V_023,validation,133,30,0,71,52,65
V_024,validation,131,28,2,61,35,69
V_025,validation,151,21,0,64,41,85
V_026,validation,185,43,0,110,65,99
V_027,validation,137,44,3,83,43,85
V_028,train,255,70,2,126,61,173
V_029,train,155,41,4,92,67,86
V_030,test,315,46,3,129,86,189
V_031,test,180,47,0,113,62,103
V_032,train,238,49,4,109,78,121
V_033,train,291,57,3,123,66,193
V_034,train,279,59,6,121,57,185
V_035,train,329,77,5,176,99,142
V_036,train,342,50,2,134,72,129
V_037,train,149,33,0,83,45,64
V_038,test,240,47,3,109,55,161
V_039,test,252,48,4,94,64,153
V_040,train,330,50,6,175,72,210
V_041,train,250,42,5,129,65,151
V_042,train,313,55,7,146,88,180
V_043,train,139,27,2,79,45,89
V_044,test,228,50,3,110,78,156
V_045,test,187,44,2,89,49,108
V_046,validation,325,42,1,160,95,181
V_047,validation,248,41,1,136,79,100
V_048,validation,154,29,3,81,37,56
V_049,validation,283,54,3,102,46,157
V_050,train,144,32,3,75,39,80
V_051,train,177,53,3,98,33,113
V_052,calibration,222,47,1,134,84,119
V_053,calibration,200,63,1,117,62,86
V_054,train,256,57,5,132,60,125
V_055,train,223,58,5,119,40,137
V_056,validation,204,49,8,116,51,133
V_057,validation,205,34,0,90,43,142
V_058,train,209,35,1,99,55,122
V_059,train,276,62,5,136,78,189
V_060,train,237,63,5,118,50,151
V_061,train,123,30,0,60,32,65
V_062,validation,318,54,1,120,76,167
V_063,validation,296,56,1,170,74,139
V_064,test,242,42,2,112,52,159
V_065,test,200,39,3,97,50,104
V_066,train,211,40,0,124,68,89
V_067,train,290,30,0,144,83,122
V_068,train,344,76,1,191,126,181
V_069,train,252,54,1,161,92,102
V_070,train,290,56,6,115,52,177
V_071,train,279,84,2,162,74,201
V_072,train,182,35,0,88,57,98
V_073,train,163,36,1,85,54,83
V_074,train,237,55,3,114,65,149
V_075,train,251,36,5,107,81,139
V_076,train,109,42,3,65,33,73
V_077,train,147,27,1,79,52,97
V_078,train,378,71,5,221,138,165
V_079,train,302,57,1,162,99,129
V_080,train,270,49,0,140,71,104
V_081,train,297,53,5,157,93,130
V_082,calibration,268,55,3,136,84,150
V_083,calibration,160,33,6,88,63,80
V_084,validation,463,79,7,220,91,188
V_085,validation,334,79,2,174,80,181
V_086,train,396,91,9,226,145,182
V_087,train,381,86,1,227,126,148
V_088,test,238,52,3,116,71,145
V_089,test,282,56,7,143,87,162
V_090,train,279,55,4,142,91,141
V_091,train,111,35,1,74,34,59
V_092,train,383,91,6,227,118,155
V_093,train,322,55,1,171,97,168
V_094,test,233,42,9,106,44,119
V_095,test,253,46,4,131,55,119
V_096,test,217,54,5,131,97,114
V_097,test,206,34,2,92,65,101
V_098,test,425,81,3,215,73,242
V_099,test,580,121,9,313,119,390
V_100,train,272,43,1,142,89,109
V_101,train,244,57,0,178,99,86
V_102,test,178,52,5,104,68,78
V_103,test,193,47,0,109,60,91
V_104,test,205,40,4,103,66,137
V_105,test,265,48,5,123,64,151
V_106,test,165,28,0,86,56,89
V_107,test,290,42,0,150,71,147
V_108,test,267,35,6,104,69,60
V_109,test,271,49,4,136,71,133
V_110,test,277,58,3,189,101,118
V_111,test,218,31,2,105,69,102
V_112,train,256,58,4,155,60,136
V_113,train,209,41,1,120,48,112
V_114,train,400,64,2,175,79,202
V_115,train,0,0,0,0,0,0
V_116,calibration,787,190,6,473,266,351
V_117,calibration,761,182,6,392,238,363
V_118,train,0,0,0,0,0,0
V_119,train,201,33,0,90,44,114
V_120,test,837,191,19,497,293,432
V_121,test,271,90,6,166,86,194
V_122,calibration,212,29,3,107,63,92
V_123,calibration,0,0,0,0,0,0
V_124,train,0,0,0,0,0,0
V_125,train,376,38,2,114,58,173
V_126,calibration,105,20,2,51,30,53
V_127,calibration,360,69,4,161,80,224
V_128,calibration,0,0,0,0,0,0
V_129,calibration,0,0,0,0,0,0
V_130,validation,0,0,0,0,0,0
V_131,validation,0,0,0,0,0,0
V_132,validation,0,0,0,0,0,0
V_133,validation,0,0,0,0,0,0
V_134,train,0,0,0,0,0,0
V_135,train,0,0,0,0,0,0
V_136,calibration,719,107,8,390,253,277
V_137,calibration,492,123,2,285,179,171
V_138,train,842,176,10,473,306,340
V_139,train,755,194,9,427,273,235
V_140,test,703,151,6,388,240,303
V_141,test,710,120,4,338,224,257
V_142,train,527,100,4,283,181,156
V_143,train,560,119,4,320,184,252
V_144,train,1116,195,11,534,332,507
V_145,train,967,152,4,430,291,425
V_146,train,882,192,15,515,341,367
V_147,train,938,192,9,506,309,516
V_148,train,464,95,4,272,134,272
V_149,train,497,94,5,244,144,239
V_150,calibration,230,62,3,146,104,81
V_151,calibration,600,140,3,340,222,284
V_152,test,607,136,5,354,216,274
V_153,test,555,122,5,274,162,308
V_154,test,549,131,4,344,207,201
V_155,test,578,130,2,345,210,290
V_156,validation,905,170,8,499,278,401
V_157,validation,934,256,19,524,308,321
V_158,validation,1006,198,9,576,408,376
V_159,validation,0,0,0,0,0,0
V_160,validation,280,60,5,134,70,146
V_161,validation,237,41,2,102,52,152
V_162,calibration,235,51,5,152,82,84
V_163,calibration,2525,283,22,815,400,1398
V_164,calibration,556,93,4,253,134,358
V_165,calibration,1358,181,16,497,258,691
V_166,calibration,278,46,4,119,50,142
V_167,calibration,248,46,3,138,81,122
V_168,train,348,65,4,161,73,165
V_169,train,195,43,6,119,89,77
V_170,train,173,27,0,115,76,59
V_171,train,943,149,11,441,246,446
V_172,train,179,30,1,107,59,64
V_173,train,202,49,3,136,86,78
V_174,validation,187,44,4,122,58,73
V_175,validation,252,36,2,98,56,171
V_176,calibration,380,84,2,230,136,137
V_177,calibration,391,73,1,162,101,214
V_178,test,260,60,4,149,70,137
V_179,test,2352,342,10,879,430,1483
V_180,test,218,53,0,115,68,113
V_181,test,1642,199,13,603,298,848
V_182,test,515,112,4,245,116,288
V_183,test,277,72,7,176,103,139
V_184,calibration,1042,216,6,568,394,443
V_185,calibration,784,186,11,479,326,381
V_186,train,967,193,8,526,348,412
V_187,train,1050,205,16,524,351,351
V_188,test,931,188,9,452,286,443
V_189,test,690,206,11,419,271,248
V_190,validation,1152,224,23,584,356,532
V_191,validation,984,202,12,519,337,334
V_192,train,958,189,9,429,301,352
V_193,train,922,171,8,427,296,371
V_194,train,1063,243,17,615,398,477
V_195,train,797,213,9,472,350,323
V_196,train,1128,223,17,668,452,383
V_197,train,987,220,20,595,409,449
V_198,calibration,877,165,8,413,238,424
V_199,calibration,841,148,13,405,271,296
V_200,validation,1068,253,22,671,394,305
V_201,validation,937,206,22,548,375,305
V_202,test,767,197,10,493,331,286
V_203,test,998,206,16,500,319,488
V_204,train,643,149,13,363,235,190
V_205,train,1172,198,10,580,353,519
V_206,train,1099,211,11,541,362,478
V_207,train,187,21,0,72,37,99
