view_id,pdf_page,caption,yale_image_id,folio_component,split,image_path,image_sha256,width_px,height_px,panel_mapping
V_002,2,[Front cover],1006074,,excluded_cover,data/page_images/all/V_002.png,4ea4400cfe82679351a87d0dbd48b498b4d3ce9fb3892601ece73b59adf4f4c4,1517,2000,caption_only; multiple visible panels may occur
V_003,3,[Inside front cover],1006075,,excluded_cover,data/page_images/all/V_003.png,f36232fad7bd951807bfc394f3580965b21d2535b6e89dd794319867d3b57eee,1481,2000,caption_only; multiple visible panels may occur
V_004,4,1r,1006076,1,calibration,data/page_images/all/V_004.png,f3fac9f60dd1e8f7f7f36e63e22cfa582d634b0314e391fc5c69f0319097c79c,1578,2000,caption_only; multiple visible panels may occur
V_005,5,1v,1006077,1,calibration,data/page_images/all/V_005.png,fe7de8c561e41268ed16e2a0ed57e38220c1fa6303999ae580adea674cc422c4,1477,2000,caption_only; multiple visible panels may occur
V_006,6,2r,1006078,2,train,data/page_images/all/V_006.png,1c5be374393b2fecb3384525da974e687da4384edfd007ad0ec04bc13c5139d0,1428,2000,caption_only; multiple visible panels may occur
V_007,7,2v,1006079,2,train,data/page_images/all/V_007.png,1516f3a12718539448fd9ecc99d53669a1976235617bc7b769eabb5e0958e794,1460,2000,caption_only; multiple visible panels may occur
V_008,8,3r,1006080,3,test,data/page_images/all/V_008.png,51d74971bade01262ef35669fbe29eb5963f26c6db8b40b3f5e6895342eae6a0,1428,2000,caption_only; multiple visible panels may occur
V_009,9,3v,1006081,3,test,data/page_images/all/V_009.png,59bee8d628ec34791a5e0d72d2f688a17d6d3d344495e9687dc5aa57cc3c9e9d,1455,2000,caption_only; multiple visible panels may occur
V_010,10,4r,1006082,4,validation,data/page_images/all/V_010.png,b195419cd65944a9d236e43b65275dd825c993df18c31cc4e8d6135f79fbc200,1434,2000,caption_only; multiple visible panels may occur
V_011,11,4v,1006083,4,validation,data/page_images/all/V_011.png,16809714da1d66f2ff1e14fd721791a7b56da6cba80063829b7aad4439f53c29,1458,2000,caption_only; multiple visible panels may occur
V_012,12,5r,1006084,5,train,data/page_images/all/V_012.png,074575919b91c20163229e8287781f4b5947949c22f5a3eb541ceb3e1aa940ca,1416,2000,caption_only; multiple visible panels may occur
V_013,13,5v,1006085,5,train,data/page_images/all/V_013.png,cf1488fdcf4b8360e8ca24ee39290127861310e247daabb97bbc91e55bd2222e,1453,2000,caption_only; multiple visible panels may occur
V_014,14,6r,1006086,6,train,data/page_images/all/V_014.png,842c79ca01a36714f7bae8f070bec4f2318b26976ccf56f63d5ad4ab8828d261,1428,2000,caption_only; multiple visible panels may occur
V_015,15,6v,1006087,6,train,data/page_images/all/V_015.png,e790c19663e0e4b5f4dbbfc657aeb8eaa71c6758f7b09f788a8ab1acf2a36110,1450,2000,caption_only; multiple visible panels may occur
V_016,16,7r,1006088,7,train,data/page_images/all/V_016.png,fed738ae4701c780d7f81c9091e3688a968d0ab9ce851fd6b0515e38bd1251e8,1428,2000,caption_only; multiple visible panels may occur
V_017,17,7v,1006089,7,train,data/page_images/all/V_017.png,a9bc46746abfa3553e4fbc6254fd226ef4cde98dcc41164723e14d78b51bddcc,1478,2000,caption_only; multiple visible panels may occur
V_018,18,8r,1006090,8,test,data/page_images/all/V_018.png,65d6252f583d0e9183ea638ef1faba76db8ad08a3b070a925da115447d434ac8,1430,2000,caption_only; multiple visible panels may occur
V_019,19,8v,1006091,8,test,data/page_images/all/V_019.png,cb822baa4fc6b8326d13bd5f942b55a890edaa92a56ba1c3dd153cfdddb675d6,1470,2000,caption_only; multiple visible panels may occur
V_020,20,9r,1006092,9,validation,data/page_images/all/V_020.png,b99beb2ba46d6538c19b97a1dc2be1d45a46024a0b8857996923e0c004c83c4c,1440,2000,caption_only; multiple visible panels may occur
V_021,21,9v,1006093,9,validation,data/page_images/all/V_021.png,49ab1fc57f8bb1495712d432b83c9995c2dc05a6e10d3a74bc906e5d2fa6ab5c,1481,2000,caption_only; multiple visible panels may occur
V_022,22,10r,1006094,10,validation,data/page_images/all/V_022.png,cc7ccfb3308329836301c8baddce8c5fd91c43b9e58c00db3f4ac5c3acc0bbe8,1439,2000,caption_only; multiple visible panels may occur
V_023,23,10v,1006095,10,validation,data/page_images/all/V_023.png,5e54fef39cf6cf1225640f02dbab04a70e1a0eedbcdd3c698ca862441ee98657,1495,2000,caption_only; multiple visible panels may occur
V_024,24,11r,1006096,11,validation,data/page_images/all/V_024.png,104ec0ed9564ac789c4210f1d2c5a85446fbc45b495dd52840b1de9e2086b357,1427,2000,caption_only; multiple visible panels may occur
V_025,25,11v,1006097,11,validation,data/page_images/all/V_025.png,b369301e6c256abff2b52794ca2b9637bc4118148ef906d1502445cea6781dad,1497,2000,caption_only; multiple visible panels may occur
V_026,26,13r,1006098,13,validation,data/page_images/all/V_026.png,d740ad4401b02c43c619d1c8a5f1964ab21018c37620df6c41e3704a8500d395,1397,2000,caption_only; multiple visible panels may occur
V_027,27,13v,1006099,13,validation,data/page_images/all/V_027.png,e32f324a12f39248daa03f70c0df82f17dad59a53d8d5381700148a69765b43f,1492,2000,caption_only; multiple visible panels may occur
V_028,28,14r,1006100,14,train,data/page_images/all/V_028.png,8d48062e55c1cf3f7c2f9de386c7f5b2da73fb7ce9531c01add115d874a788f7,1424,2000,caption_only; multiple visible panels may occur
V_029,29,14v,1006101,14,train,data/page_images/all/V_029.png,a9ed9d5cb1d7bd9be797da243d2d9f5a2f5254bfa5e37d61487bd166ae48235a,1491,2000,caption_only; multiple visible panels may occur
V_030,30,15r,1006102,15,test,data/page_images/all/V_030.png,dc2ed59a9fc72f27ff38392c584a3905c9b05e0dba1f834e4091eb79770bac44,1420,2000,caption_only; multiple visible panels may occur
V_031,31,15v,1006103,15,test,data/page_images/all/V_031.png,fcc7b67bc4200f11e62c87c068d79509e77629fe85b4a47a2ba588f537f31169,1502,2000,caption_only; multiple visible panels may occur
V_032,32,16r,1006104,16,train,data/page_images/all/V_032.png,466d0f379d704288d52ebec77aad1265ecfdaa48cc5a404560c9605aa80caa75,1415,2000,caption_only; multiple visible panels may occur
V_033,33,16v,1006105,16,train,data/page_images/all/V_033.png,028d3774a0492e40a500685c378ce6d0316f719d6199ca27b65d9f5f72558026,1497,2000,caption_only; multiple visible panels may occur
V_034,34,17r,1006106,17,train,data/page_images/all/V_034.png,662df08eb2886484c3f71e71edaa841025df8f6c392c202dfc70f79b1aa71280,1415,2000,caption_only; multiple visible panels may occur
V_035,35,17v,1006107,17,train,data/page_images/all/V_035.png,55669fa5762aeb2d58d5829d9126ad9b7bbddc98e7fb41e1c307f46adc0cac09,1506,2000,caption_only; multiple visible panels may occur
V_036,36,18r,1006108,18,train,data/page_images/all/V_036.png,55e3214d871d34175a7fb30ee9249a25957125c2c2d03109caab79321a76bf97,1415,2000,caption_only; multiple visible panels may occur
V_037,37,18v,1006109,18,train,data/page_images/all/V_037.png,1b9d60eafcc8a20769ba7ceec58a8446a60aaac0748e0ab107f393f5a1e801c6,1505,2000,caption_only; multiple visible panels may occur
V_038,38,19r,1006110,19,test,data/page_images/all/V_038.png,f2fad39f26decd5411a050d7dd3dec6064905cd6ed0b4de0607c24312394ab4e,1415,2000,caption_only; multiple visible panels may occur
V_039,39,19v,1006111,19,test,data/page_images/all/V_039.png,522e82ff9c541a8ce413bccc6ed0b2e348e6bf8a0309dfac0ccdec0404d2961f,1512,2000,caption_only; multiple visible panels may occur
V_040,40,20r,1006112,20,train,data/page_images/all/V_040.png,843a7628f0ea3a9c36f040ab56c61a3f7fd8c55816d398d43dc20679cac8eae7,1415,2000,caption_only; multiple visible panels may occur
V_041,41,20v,1006113,20,train,data/page_images/all/V_041.png,15236276c09cefcada7e3e06de7f983ce51e9b2e4f6d65b06e972b126c4051fe,1512,2000,caption_only; multiple visible panels may occur
V_042,42,21r,1006114,21,train,data/page_images/all/V_042.png,0ac981698e79352efb25b7f67513321817c872f16206779fe5f78e1b7bc0ab2b,1415,2000,caption_only; multiple visible panels may occur
V_043,43,21v,1006115,21,train,data/page_images/all/V_043.png,0c06ecde956a6e621088275c07c2edd2609a50d23eced1dfe15cc32217d1e0d1,1512,2000,caption_only; multiple visible panels may occur
V_044,44,22r,1006116,22,test,data/page_images/all/V_044.png,2ceeb948bebdf50bd59697f783a752ddd9d716de7ae9465f76c669a499f2f8eb,1415,2000,caption_only; multiple visible panels may occur
V_045,45,22v,1006117,22,test,data/page_images/all/V_045.png,df982f92bdefc112c08958cf221b46f08534d5ac95fae52b953c4679c16c603c,1501,2000,caption_only; multiple visible panels may occur
V_046,46,23r,1006118,23,validation,data/page_images/all/V_046.png,3e027c2c483af98b0c7711226ce3e3b227a398635c7bd391d90e4151c4afa20d,1430,2000,caption_only; multiple visible panels may occur
V_047,47,23v,1006119,23,validation,data/page_images/all/V_047.png,b6157ce99083ad1b155273417e7e347ad1c36bf667644e921635529a4a213281,1507,2000,caption_only; multiple visible panels may occur
V_048,48,24r,1006120,24,validation,data/page_images/all/V_048.png,42138db2d2d1e141afb45b842619a68c9d851ace9f68936d0820971be1aac878,1446,2000,caption_only; multiple visible panels may occur
V_049,49,24v,1006121,24,validation,data/page_images/all/V_049.png,165b35f87994ce5cffdbe2f85e586754d355dc8044ec44d2fd3a024fabe42786,1519,2000,caption_only; multiple visible panels may occur
V_050,50,25r,1006122,25,train,data/page_images/all/V_050.png,eeaebd39220f03c022fd29e041a8fc08e3e7119c3a34235003249f0f517da9e8,1448,2000,caption_only; multiple visible panels may occur
V_051,51,25v,1006123,25,train,data/page_images/all/V_051.png,9c2afec401de418f47e73f329a2cf42fffd9ddb80910ef98bd58238e9a157ddf,1519,2000,caption_only; multiple visible panels may occur
V_052,52,26r,1006124,26,calibration,data/page_images/all/V_052.png,d470beb0ffd8132a062cbc84bced8ba96e473905c4f5645af70418dc080e352a,1457,2000,caption_only; multiple visible panels may occur
V_053,53,26v,1006125,26,calibration,data/page_images/all/V_053.png,4bd431aaf66ad44dfb8649df5d018a7dec23ab9955ccd3c5e44e6d8901be6dda,1512,2000,caption_only; multiple visible panels may occur
V_054,54,27r,1006126,27,train,data/page_images/all/V_054.png,a88090dc06eb41ab8a79d5635b864bd392ae61303756bc7ae843a42ba217a488,1447,2000,caption_only; multiple visible panels may occur
V_055,55,27v,1006127,27,train,data/page_images/all/V_055.png,ffa485e26b5cae5beca004a00248400eb193eb4f8f086c1ea20f89b1cbf832d3,1512,2000,caption_only; multiple visible panels may occur
V_056,56,28r,1006128,28,validation,data/page_images/all/V_056.png,b2585d721f18e37f644a77c92831c3382ce8698bf907c825b5050d958ec55502,1457,2000,caption_only; multiple visible panels may occur
V_057,57,28v,1006129,28,validation,data/page_images/all/V_057.png,a38761e55ba2f99d8549e42868ad6734b3ddb32c6ec5abc3633da065b5fb4a94,1526,2000,caption_only; multiple visible panels may occur
V_058,58,29r,1006130,29,train,data/page_images/all/V_058.png,42b87548d259a09891e86de0352ed7028741e511aff882d5fd5f9ebef9a6f84c,1452,2000,caption_only; multiple visible panels may occur
V_059,59,29v,1006131,29,train,data/page_images/all/V_059.png,88f0c45caae1582a59459b8ce244f3fef96ca5e2aec30d33cea7c7d65b8bf1b8,1523,2000,caption_only; multiple visible panels may occur
V_060,60,30r,1006132,30,train,data/page_images/all/V_060.png,4fed948db3ee6e058cb7c11449851b54c1cbe3fc8e03c41e8cf9f0d41b83b01f,1465,2000,caption_only; multiple visible panels may occur
V_061,61,30v,1006133,30,train,data/page_images/all/V_061.png,70237b5d4dd0dd9d39c6ff4d63b059daeee4b49615acc22715635ee25201f650,1512,2000,caption_only; multiple visible panels may occur
V_062,62,31r,1006134,31,validation,data/page_images/all/V_062.png,24bbbec5f84f3d25b1a230dfc98f2bb79a91cbfa18cf5ce560b6bfdacd2924da,1452,2000,caption_only; multiple visible panels may occur
V_063,63,31v,1006135,31,validation,data/page_images/all/V_063.png,f034a97f006facb47a7438ff7a6924dfbb9b9e30bbf903539c9e7ab9e1e9dda1,1512,2000,caption_only; multiple visible panels may occur
V_064,64,32r,1006136,32,test,data/page_images/all/V_064.png,49b581461d5902372e25857467a9c0309d0d3b9c1f2920c64cf22856a48554e0,1466,2000,caption_only; multiple visible panels may occur
V_065,65,32v,1006137,32,test,data/page_images/all/V_065.png,3ae7c7496e9a9923d25509e1485bb31d2ad413155f3f1f1d35cbd5f2d069f682,1512,2000,caption_only; multiple visible panels may occur
V_066,66,33r,1006138,33,train,data/page_images/all/V_066.png,262fc51fad21044eee45a9619694c70538434dcf8d079183452f96c06b07730a,1478,2000,caption_only; multiple visible panels may occur
V_067,67,33v,1006139,33,train,data/page_images/all/V_067.png,7018c4b202adfbbfbde6151808a44388d6d355b35ca6f8e3410b84e062be770d,1523,2000,caption_only; multiple visible panels may occur
V_068,68,34r,1006140,34,train,data/page_images/all/V_068.png,df72dd7668d7e1b673ba13fdc5d882062bc7f9656687dfe9232ef179971d8fa1,1484,2000,caption_only; multiple visible panels may occur
V_069,69,34v,1006141,34,train,data/page_images/all/V_069.png,414abdd5a1a24bf0e356de003752372e9aceba345eb7809c13ba326a3c3ace04,1522,2000,caption_only; multiple visible panels may occur
V_070,70,35r,1006142,35,train,data/page_images/all/V_070.png,016edbf4edc502c7af0c46f1e64661f86d25f23b73232ef4ea715547279c8ccb,1492,2000,caption_only; multiple visible panels may occur
V_071,71,35v,1006143,35,train,data/page_images/all/V_071.png,f3ccdd714f4aa7fc56930f889cd7148de78e03b29a91677fcbc51c1af823fd54,1514,2000,caption_only; multiple visible panels may occur
V_072,72,36r,1006144,36,train,data/page_images/all/V_072.png,7494f153be147a68b9b303d4eec70dc02c6bb37474f1485462ee29a2408cce5a,1492,2000,caption_only; multiple visible panels may occur
V_073,73,36v,1006145,36,train,data/page_images/all/V_073.png,db44a079c2c8e22864452e134147df4b03c1357e0e86b601caeec9a79c75eebd,1512,2000,caption_only; multiple visible panels may occur
V_074,74,37r,1006146,37,train,data/page_images/all/V_074.png,8bc8bcf73fc74223ead8473642745ab3185003398c089aae6f0437b193640e39,1492,2000,caption_only; multiple visible panels may occur
V_075,75,37v,1006147,37,train,data/page_images/all/V_075.png,60b6b3adf774071dec36fc4857a1d7711ac12f79b494d69f6f18f0f992b3d7a1,1529,2000,caption_only; multiple visible panels may occur
V_076,76,38r,1006148,38,train,data/page_images/all/V_076.png,91f3657ef1a8309f071a088b6b9ba75eb463b0d399306d08e6bbb0997f5f16f9,1492,2000,caption_only; multiple visible panels may occur
V_077,77,38v,1006149,38,train,data/page_images/all/V_077.png,c291db92a6a1d9ca314ae4d32afb4d32a497980faa248be034c7306a4d8267f7,1529,2000,caption_only; multiple visible panels may occur
V_078,78,39r,1006150,39,train,data/page_images/all/V_078.png,87607fb77303e6e6e27525256b3541db04d77fb90116b6c62658e9963bfe6c32,1492,2000,caption_only; multiple visible panels may occur
V_079,79,39v,1006151,39,train,data/page_images/all/V_079.png,0a24f9599f06f77676358112de70528197fc706f57757d88d6c2e0684dd56add,1529,2000,caption_only; multiple visible panels may occur
V_080,80,40r,1006152,40,train,data/page_images/all/V_080.png,0db5a0d571b97b197648d08aa07ec3429f3ac286fd37ff5c3a5a925a3a0a5ff9,1496,2000,caption_only; multiple visible panels may occur
V_081,81,40v,1006153,40,train,data/page_images/all/V_081.png,fc0540063a9cb75816046c3b37e6ed2b3c90870f1f18a03a1a84f0b4ae00d8cf,1529,2000,caption_only; multiple visible panels may occur
V_082,82,41r,1006154,41,calibration,data/page_images/all/V_082.png,7bd0873d65420cc44d26e014d75e21f46b8bfe2930ff36b5f03b2455960d9ff5,1517,2000,caption_only; multiple visible panels may occur
V_083,83,41v,1006155,41,calibration,data/page_images/all/V_083.png,218fcde4762bbb7cec3573e498705da4b30c0b2d452de3cb75128f3e78b3064e,1529,2000,caption_only; multiple visible panels may occur
V_084,84,42r,1006156,42,validation,data/page_images/all/V_084.png,eca10e2d86a4070d505b6c34e7992cff329f552d34cf5ea76e14eaeea36b2977,1519,2000,caption_only; multiple visible panels may occur
V_085,85,42v,1006157,42,validation,data/page_images/all/V_085.png,5711d67780bfe7f051dae83c13e1d6c0c14f1b2262e07dc921b072c196f9422c,1529,2000,caption_only; multiple visible panels may occur
V_086,86,43r,1006158,43,train,data/page_images/all/V_086.png,ed4198d18f00b080c464760f9cf8a4c6867ce03c4fdf05cf7349aae2e68bcac1,1513,2000,caption_only; multiple visible panels may occur
V_087,87,43v,1006159,43,train,data/page_images/all/V_087.png,9bef02536c67a82a1b714fc86b71f4be024b03e4db605c6f342c30282964f8e8,1529,2000,caption_only; multiple visible panels may occur
V_088,88,44r,1006160,44,test,data/page_images/all/V_088.png,64804e0566d94c111ca4565b9042543bd53161edafdca611922fe1f65044eb08,1502,2000,caption_only; multiple visible panels may occur
V_089,89,44v,1006161,44,test,data/page_images/all/V_089.png,22b8f77d0a82bdcc0eb0aa3f7cf882dd76e63d7e98c291c007532028541be6fb,1529,2000,caption_only; multiple visible panels may occur
V_090,90,45r,1006162,45,train,data/page_images/all/V_090.png,e6cfa4daad052fd03cce12e48ff4ce5d49eeeb8d4fd160586ddf480d8849de90,1523,2000,caption_only; multiple visible panels may occur
V_091,91,45v,1006163,45,train,data/page_images/all/V_091.png,d2f9a1a4af8e07303276b02d7d30226c1a812c8bd5794e1a70f5098ab4777056,1539,2000,caption_only; multiple visible panels may occur
V_092,92,46r,1006164,46,train,data/page_images/all/V_092.png,0e215c7e957bfc5304db25689a7027f874c3a57e76e352c4715be7311e601fd4,1541,2000,caption_only; multiple visible panels may occur
V_093,93,46v,1006165,46,train,data/page_images/all/V_093.png,188b73462ce168c14c10730e03f691a2cc56da4bdd47ffd737cb93b74957b90c,1559,2000,caption_only; multiple visible panels may occur
V_094,94,47r,1006166,47,test,data/page_images/all/V_094.png,c4accd19c74209e9187c6d5d04c4faaed323f9824f80e3beca88ab6d64efc6fb,1521,2000,caption_only; multiple visible panels may occur
V_095,95,47v,1006167,47,test,data/page_images/all/V_095.png,9b5b1cd7107c17e99a37dcb1b4ddab6b0e25e1967c134fbf9cf9ced3598ff4df,1556,2000,caption_only; multiple visible panels may occur
V_096,96,48r,1006168,48,test,data/page_images/all/V_096.png,f1ce50ff9d8416a520c09b5c9862577684aa3e4309e46d5ba1aabc9cb52ae7a2,1538,2000,caption_only; multiple visible panels may occur
V_097,97,48v,1006169,48,test,data/page_images/all/V_097.png,20cb017f219731ee4d595acab632de56b8e06ef78f5ad9774481fd279b1515f1,1565,2000,caption_only; multiple visible panels may occur
V_098,98,49r,1006170,49,test,data/page_images/all/V_098.png,b778a371a5ab4a0dfcd86a2ab7cdbd5e35824f79c9ca03b94fe9cf52552a4409,1508,2000,caption_only; multiple visible panels may occur
V_099,99,49v,1006171,49,test,data/page_images/all/V_099.png,74a146e80e5dedc568350e103bad47b9f4e9be14b5abeddefee17864ae1f821f,1557,2000,caption_only; multiple visible panels may occur
V_100,100,50r,1006172,50,train,data/page_images/all/V_100.png,303e9de706bd5b9fc6fcff82a0a0d6a29276cfe1e3942f47e48384a55574a57b,1514,2000,caption_only; multiple visible panels may occur
V_101,101,50v,1006173,50,train,data/page_images/all/V_101.png,897fffdd08b4ff45b0949e374763b0cb150bd4ef2f09f331d4b6d8902b1893dc,1561,2000,caption_only; multiple visible panels may occur
V_102,102,51r,1006174,51,test,data/page_images/all/V_102.png,6f34340a650e46c4e9ca93effe986e9dc01bf3ccdc00af3fb58a028fd6b6d3f0,1506,2000,caption_only; multiple visible panels may occur
V_103,103,51v,1006175,51,test,data/page_images/all/V_103.png,65ea72eb4fc26701dc6e1996eaf8c4194bc0826e05b843d4c8b78fa11241b000,1553,2000,caption_only; multiple visible panels may occur
V_104,104,52r,1006176,52,test,data/page_images/all/V_104.png,8cd6de8db92555523fb4479a69bdbe82a25bfa90123ba281830cce4915d69704,1504,2000,caption_only; multiple visible panels may occur
V_105,105,52v,1006177,52,test,data/page_images/all/V_105.png,f60d9ec3ddb77a4f5cbadbadfa469069ab79651f38fc10318dd3e194002f3a87,1557,2000,caption_only; multiple visible panels may occur
V_106,106,53r,1006178,53,test,data/page_images/all/V_106.png,d5e2abda3beb45647574092eeb49b4ca1428b98466ca2a8519ee582b754f80b5,1507,2000,caption_only; multiple visible panels may occur
V_107,107,53v,1006179,53,test,data/page_images/all/V_107.png,6ed678b134463981353f7eda89a8babb11392d92bcddd9c607f89b21b05b9733,1560,2000,caption_only; multiple visible panels may occur
V_108,108,54r,1006180,54,test,data/page_images/all/V_108.png,ccabf9727d8fc987f195fe3a3c1eee7e6125fe38fd0726e592ff596285d7f88f,1502,2000,caption_only; multiple visible panels may occur
V_109,109,54v,1006181,54,test,data/page_images/all/V_109.png,5b06bf438544e18ea9ef2367dc65650485c8912a4bca8a9643131dd3f0e15fd3,1591,2000,caption_only; multiple visible panels may occur
V_110,110,55r,1006182,55,test,data/page_images/all/V_110.png,2a196574d513fb09b8401306aed917e3fefaac3806cdc352bb81cc631483be62,1494,2000,caption_only; multiple visible panels may occur
V_111,111,55v,1006183,55,test,data/page_images/all/V_111.png,03c9c5a4a3680be98f7b76f487c0f107e78fc913fd7cc59efd325175061101c9,1581,2000,caption_only; multiple visible panels may occur
V_112,112,56r,1006184,56,train,data/page_images/all/V_112.png,2c8c6bad6752df5ec1bc5e30475fe196044f121de9c60cc05478c2be2916b77f,1507,2000,caption_only; multiple visible panels may occur
V_113,113,56v,1006185,56,train,data/page_images/all/V_113.png,cdeb343a5c9a425043d17eb4f681dc77ba7fa5c533901adadc9506e6ec6fd467,1581,2000,caption_only; multiple visible panels may occur
V_114,114,57r,1006186,57,train,data/page_images/all/V_114.png,3b99897269deb3deb44f60a23cc35dcd0a4e14dce19e439bd1311526a785ac4f,1512,2000,caption_only; multiple visible panels may occur
V_115,115,57v,1006187,57,train,data/page_images/all/V_115.png,c40b5e019be2ca63756c5956a0ce7b29ddf67757df1847ed96ac2fdfa8a7f00b,1607,2000,caption_only; multiple visible panels may occur
V_116,116,58r,1006188,58,calibration,data/page_images/all/V_116.png,ba7443456ad775beae46c27447fad366ddfec20a4d8e037fdf0a1341c35bd91f,1490,2000,caption_only; multiple visible panels may occur
V_117,117,58v,1006189,58,calibration,data/page_images/all/V_117.png,a7b9b5bc5e4330db39a7b1e7fd1ca308247904653c0735cdbfe3fc9990378b17,1585,2000,caption_only; multiple visible panels may occur
V_118,118,65r,1006190,65,train,data/page_images/all/V_118.png,b7c47c660a26e6fc53014018863a8b4eb82c06289c464be6f1f86664cb594aa0,1507,2000,caption_only; multiple visible panels may occur
V_119,119,65v,1006191,65,train,data/page_images/all/V_119.png,b2140546d5e476ac83d162fd7e51c6833ebf2f6bb4f0888d2c12422c31bb3421,1597,2000,caption_only; multiple visible panels may occur
V_120,120,66r,1006192,66,test,data/page_images/all/V_120.png,d27ac8cbd123ea6b95856065f90b61db75d87543f460751d31d4119d9cad58d4,1507,2000,caption_only; multiple visible panels may occur
V_121,121,66v,1006193,66,test,data/page_images/all/V_121.png,a074c228f3d533dcf15483c867e33d62ae846f44b69a5c5d0997d92be85744a3,1590,2000,caption_only; multiple visible panels may occur
V_122,122,67r,1006194,67,calibration,data/page_images/all/V_122.png,8564d40a3d8d9b8da126fd2f685a669f9e8791bdc01366a5e18d96d4d19846aa,2000,1504,caption_only; multiple visible panels may occur
V_123,123,67v,1006195,67,calibration,data/page_images/all/V_123.png,f040552b69ec11bed931f5e6f1aba09a9c20c232201c6f38f8f132d2cd636751,2000,1484,caption_only; multiple visible panels may occur
V_124,124,68r,1006196,68,train,data/page_images/all/V_124.png,994209c69df4520a2bcbcfd3292f1832155ac5acce29f82c5faafd0f8a62b2d0,2000,958,caption_only; multiple visible panels may occur
V_125,125,68v,1006197,68,train,data/page_images/all/V_125.png,03a7a45c90a63dc9019f350595793c509f14d2a32cfa9668fedfb9db5ada1947,2000,944,caption_only; multiple visible panels may occur
V_126,126,69r,1006198,69,calibration,data/page_images/all/V_126.png,ea44d5fbc6eb7581a92e15370cede34667492e85b6b98a463c1d3ad79df6c69e,1484,2000,caption_only; multiple visible panels may occur
V_127,127,69v and 70r,1006199,69,calibration,data/page_images/all/V_127.png,0e4f9004d27beae05247845e7bb6bf368afeb7656c535c60d5497ff84fce38fa,2000,873,caption_only; multiple visible panels may occur
V_128,128,70v (part),1006200,69,calibration,data/page_images/all/V_128.png,6fed061f4abae9b638bf7f9715e3be45d1ba60a42cf1700ce90de32465c34cfe,2000,1912,caption_only; multiple visible panels may occur
V_129,129,70v (part),1006201,69,calibration,data/page_images/all/V_129.png,a4133973232964a2ab3578e4e907ecca19e4e06fbec4433dadc9ce8a8ba7ad08,1610,2000,caption_only; multiple visible panels may occur
V_130,130,71r,1006202,71,validation,data/page_images/all/V_130.png,1f02c8d45440c3c07da3e407d5ba3602570c7247b1fde045215f2304644a56a7,1485,2000,caption_only; multiple visible panels may occur
V_131,131,71v and 72r,1006203,71,validation,data/page_images/all/V_131.png,5ea58c87cb3ef103a6aa96d948375042e337e5538acec0a87183ab8a143ab40f,2000,681,caption_only; multiple visible panels may occur
V_132,132,72v (part),1006204,71,validation,data/page_images/all/V_132.png,8494718e9f3a68758119e707575a2a3bdb8b4dd1821073255069c884e7444235,2000,1270,caption_only; multiple visible panels may occur
V_133,133,72v (part),1006205,71,validation,data/page_images/all/V_133.png,0e03d4a9451ab21638fb236d7952f642f17844921b6bb2c51a08457ba607faf5,1605,2000,caption_only; multiple visible panels may occur
V_134,134,73r,1006206,73,train,data/page_images/all/V_134.png,1011e6cdf108d281dbb33157eeda1a6c395bd36237013c036a2309c33a62142c,1507,2000,caption_only; multiple visible panels may occur
V_135,135,73v,1006207,73,train,data/page_images/all/V_135.png,1919239e698e3c870ceb52b86f6c6aaae7064c11827d13bf49ce72d708ee9acb,1600,2000,caption_only; multiple visible panels may occur
V_136,136,75r,1006208,75,calibration,data/page_images/all/V_136.png,0519a2c8cc4a194517bacc541c0f0c805029a6bf605ce26fd546510bcbf5b725,1517,2000,caption_only; multiple visible panels may occur
V_137,137,75v,1006209,75,calibration,data/page_images/all/V_137.png,9a23444d3e7d0b564f62389386e973de87c1e0b1672e0194c3b49cc042ed0264,1536,2000,caption_only; multiple visible panels may occur
V_138,138,76r,1006210,76,train,data/page_images/all/V_138.png,011ce8fdebe175084af922792aad0417281bc16b9d143d33a22282a5898bccd0,1482,2000,caption_only; multiple visible panels may occur
V_139,139,76v,1006211,76,train,data/page_images/all/V_139.png,7067956b297ea6f807783d80e50329efe50d9dface24ff142a67ab16503c0ac5,1521,2000,caption_only; multiple visible panels may occur
V_140,140,77r,1006212,77,test,data/page_images/all/V_140.png,023baffb4f9b256d121697490e8f08eabcd84f2375f414643eef48ef241bccb4,1489,2000,caption_only; multiple visible panels may occur
V_141,141,77v,1006213,77,test,data/page_images/all/V_141.png,cf8e3159041326e41524b5b972d55b8aaec0f839a1f13e7da24f4d0424045ec0,1548,2000,caption_only; multiple visible panels may occur
V_142,142,78r,1006214,78,train,data/page_images/all/V_142.png,76e9d78a1cb0c9082d53b69fc787c2dbc301786b0dea98363f104be9c7103b2e,1485,2000,caption_only; multiple visible panels may occur
V_143,143,78v,1006215,78,train,data/page_images/all/V_143.png,e7366eae8f6ed19af7bb43827924ae49ea7468e2c12411fe95a0691614e1038b,1533,2000,caption_only; multiple visible panels may occur
V_144,144,79r,1006216,79,train,data/page_images/all/V_144.png,6c56899500c4889629e2f4b7be8f119eebd31e940dfe1a3de18fbddf18ed15d5,1483,2000,caption_only; multiple visible panels may occur
V_145,145,79v,1006217,79,train,data/page_images/all/V_145.png,08e6695edc537dbb393ae21a87c0cbd460bbe26e12683af34bd0000bb27aa1f4,1514,2000,caption_only; multiple visible panels may occur
V_146,146,80r,1006218,80,train,data/page_images/all/V_146.png,e2a3b3824bd69d1a93d5c94ae6d207c1e62a4fbc338116148163d6a37460b447,1496,2000,caption_only; multiple visible panels may occur
V_147,147,80v,1006219,80,train,data/page_images/all/V_147.png,238c1ea63569f18393afe020cb30d07e74347ff082c5922908e95c065f36ecdb,1529,2000,caption_only; multiple visible panels may occur
V_148,148,81r,1006220,81,train,data/page_images/all/V_148.png,749cab9910e4d6e7290ece8b209a31330fc198bb030c923db9369b1b0cf7e603,1486,2000,caption_only; multiple visible panels may occur
V_149,149,81v,1006221,81,train,data/page_images/all/V_149.png,6564a2265693b59e826040733b92ea3119f64526eea089c10118ec032a320bc8,1530,2000,caption_only; multiple visible panels may occur
V_150,150,82r,1006222,82,calibration,data/page_images/all/V_150.png,caf54f326b7d809f93f3d97bed72205fcdc4c34d893a9894b3de2ff5bb393f47,1470,2000,caption_only; multiple visible panels may occur
V_151,151,82v,1006223,82,calibration,data/page_images/all/V_151.png,94eceea5f4fb09039a6308b3630ec886c1f14adc77ab9be839d9ab291c241513,1521,2000,caption_only; multiple visible panels may occur
V_152,152,83r,1006224,83,test,data/page_images/all/V_152.png,563adcc3a2b44a7804c3044914e0bbb205246803390348c3f6ae53c1ed52764d,1470,2000,caption_only; multiple visible panels may occur
V_153,153,83v,1006225,83,test,data/page_images/all/V_153.png,7cc15a51b4b695592bc3553a4fc5c1b1468e1d9c06a3da8927a8e64a2130a9ff,1548,2000,caption_only; multiple visible panels may occur
V_154,154,84r,1006226,84,test,data/page_images/all/V_154.png,7c1d641c5fcbe8bad9ee12443331ff1d08f0380c0a70b203ee5d22afe029c734,1470,2000,caption_only; multiple visible panels may occur
V_155,155,84v,1006227,84,test,data/page_images/all/V_155.png,8e35e3ee060f748525a924cbeb0dc2e1b271513d938754003850255891b1e67c,1535,2000,caption_only; multiple visible panels may occur
V_156,156,85r (part) (part of 85-86 foldout),1006228,85,validation,data/page_images/all/V_156.png,3d80560d9c660142a4f5961aab82042d1e5849f554980ac0f853495be3b00f4e,1482,2000,caption_only; multiple visible panels may occur
V_157,157,85r (part) 86v (part) (part of 85-86 foldout),1006229,85,validation,data/page_images/all/V_157.png,0e67e44b74c3978e48ab632b69c58b4a223280200821777ad0ef7f4dd5aa800e,2000,1003,caption_only; multiple visible panels may occur
V_158,158,86v (part) (part of 85-86 foldout),1006230,85,validation,data/page_images/all/V_158.png,dfed7c7bf4586a005185f71c3f9db40f8e6d5fad8b396136dc4d7d6a3d89689a,2000,1547,caption_only; multiple visible panels may occur
V_159,159,85v and 86r (foldout),1006231,85,validation,data/page_images/all/V_159.png,ab48cfd495b2fb00711920773470269859dcfc5ce14716e88443bec37b05d87b,2000,1834,caption_only; multiple visible panels may occur
V_160,160,87r,1006232,87,validation,data/page_images/all/V_160.png,6b66eb2d61347241174ae1efae0f046ff24f705fc73a88b3c62f70f32459e447,1470,2000,caption_only; multiple visible panels may occur
V_161,161,87v,1043429,87,validation,data/page_images/all/V_161.png,4e46aa5e06c130ada0d43743bf442669933f9cd0e5c08f4147c0599e436f1a29,1565,2000,caption_only; multiple visible panels may occur
V_162,162,88r,1037112,88,calibration,data/page_images/all/V_162.png,65a077884c67524af98b661e61ee45632146f3ea8a01efc65f77854353529406,1453,2000,caption_only; multiple visible panels may occur
V_163,163,88v and 89r,1006233,88,calibration,data/page_images/all/V_163.png,a210e965c8221d05b66242c8ceb32bf1a75bfb34520468de7d6620b4389c01b8,2000,832,caption_only; multiple visible panels may occur
V_164,164,89v (part),1006234,88,calibration,data/page_images/all/V_164.png,3213a7369bde85b38870dd1014c1115bed1f537a62032627cb60e0a78b26eafe,2000,1812,caption_only; multiple visible panels may occur
V_165,165,89v (part) and 90r,1006235,88,calibration,data/page_images/all/V_165.png,50f2db42bebda4baa7c9becd835f0d57a7c559a43c350b99174abf621272fb9a,2000,965,caption_only; multiple visible panels may occur
V_166,166,90r,1006236,88,calibration,data/page_images/all/V_166.png,98a161a91f45c561010d261830b4e23308eb607f0bfccf4c5512f043a4e9eb33,1459,2000,caption_only; multiple visible panels may occur
V_167,167,90v (part),1006237,88,calibration,data/page_images/all/V_167.png,f0baabb2d2c5652afce4d1b48098c83baf783a0d018db34b9fd945867492aed0,1535,2000,caption_only; multiple visible panels may occur
V_168,168,93r,1006238,93,train,data/page_images/all/V_168.png,492dd00adb25defd5e7fa5a41ebf731eae6f17636ece7f5300413c21dd0ae521,1447,2000,caption_only; multiple visible panels may occur
V_169,169,93v,1006239,93,train,data/page_images/all/V_169.png,5576965dd733c01875eb65d8a886d679f0dcc3c361052c442da9085cb0a4ef51,1535,2000,caption_only; multiple visible panels may occur
V_170,170,94r,1006240,94,train,data/page_images/all/V_170.png,ffbaa35c8dd2151b5a92a213ec228c22635607a84d45744416701bfae836dfdc,1453,2000,caption_only; multiple visible panels may occur
V_171,171,94v and 95r,1006241,94,train,data/page_images/all/V_171.png,d1fbc622a85c0ae4ed05aca5fb430a9ed7cae3d7736aa0dc6f05f2dccf133ff5,2000,995,caption_only; multiple visible panels may occur
V_172,172,95v (part),1006242,94,train,data/page_images/all/V_172.png,77f985307311b2e46af2d47f200d7473ef3baa41c8d84e1e03d126262ccb46e3,1457,2000,caption_only; multiple visible panels may occur
V_173,173,95v,1006243,94,train,data/page_images/all/V_173.png,817d967030c174a5b636490bdbf93091034bdd044659adbc42d6f0b540357ccc,1535,2000,caption_only; multiple visible panels may occur
V_174,174,96r,1006244,96,validation,data/page_images/all/V_174.png,249d51e6103e08327da569ee8958858f92ed353777cf93657b9c1d4c66cfc83b,1441,2000,caption_only; multiple visible panels may occur
V_175,175,96v,1006245,96,validation,data/page_images/all/V_175.png,7ff72af2e6b153f8b503fe45616b316f05e942c98c8db7db761f1c2d65e44262,1546,2000,caption_only; multiple visible panels may occur
V_176,176,99r,1006246,99,calibration,data/page_images/all/V_176.png,a2d03e371fc483968c7173aef75cf23b335ecf51889bb4921637865361d1d462,1435,2000,caption_only; multiple visible panels may occur
V_177,177,99v,1006247,99,calibration,data/page_images/all/V_177.png,bf72ddd90d34749aef8ba7ff9dd68f42e82c05aaf4c597e6392519c7afa4c0f3,1516,2000,caption_only; multiple visible panels may occur
V_178,178,100r,1006248,100,test,data/page_images/all/V_178.png,6d6842fdb7c400e21a7550ac0426add64c8f44544904c594e932616fb2491bc7,1425,2000,caption_only; multiple visible panels may occur
V_179,179,100v and 101r,1006249,100,test,data/page_images/all/V_179.png,a0fb9bb2aaef13cdc0feb18f117f7d1d692c40c6501f1be12fa02748467f744b,2000,992,caption_only; multiple visible panels may occur
V_180,180,101v (part),1006250,100,test,data/page_images/all/V_180.png,ab1a55067095a56716f07c7fa5b85c763d4efcb44272a839bfc4335d3d2a019e,1428,2000,caption_only; multiple visible panels may occur
V_181,181,101v (part) and 102r,1006251,100,test,data/page_images/all/V_181.png,a82a4a5d0594684a54cee6ec6265244f1cc8aed4048b33d0129fe37fa7adaed5,2000,945,caption_only; multiple visible panels may occur
V_182,182,102v (part),1006252,100,test,data/page_images/all/V_182.png,ab4f42b4b61ab44ceba2aa789e4c057c2cba491a5dd3928dcc0e961194488e2b,1571,2000,caption_only; multiple visible panels may occur
V_183,183,102v (part),1006253,100,test,data/page_images/all/V_183.png,e16ebe0c75673cb245b044f96ad6f598f20bf916f8ad16abaa0a8880efe22ead,1535,2000,caption_only; multiple visible panels may occur
V_184,184,103r,1006254,103,calibration,data/page_images/all/V_184.png,437afc02ec5f79c8a5e3aff2f13dcb3f6749f06aca8a7a025570cc1f998466d2,1413,2000,caption_only; multiple visible panels may occur
V_185,185,103v,1006255,103,calibration,data/page_images/all/V_185.png,91e3fa5ad3fd07162d67514491fbb37d9729a9f74ef667e9548e14a4acd1c4a3,1494,2000,caption_only; multiple visible panels may occur
V_186,186,104r,1006256,104,train,data/page_images/all/V_186.png,48fd78299e5d03aa91b6500ccaa7f6d9bed53b2659cd37d64b79897e9255e986,1405,2000,caption_only; multiple visible panels may occur
V_187,187,104v,1006257,104,train,data/page_images/all/V_187.png,948622423cbfdb55f11d110496873317f10a69b6eb3020ad59837fdbd241db67,1482,2000,caption_only; multiple visible panels may occur
V_188,188,105r,1006258,105,test,data/page_images/all/V_188.png,6ac3fb5e8ddca3750544e0be93e818b5b58edc18f912ba2d62ce0001a671e038,1412,2000,caption_only; multiple visible panels may occur
V_189,189,105v,1006259,105,test,data/page_images/all/V_189.png,283395c8504c0990cd90bbeb4fdb20416d85881a02fcb56846528b9eb004085e,1439,2000,caption_only; multiple visible panels may occur
V_190,190,106r,1006260,106,validation,data/page_images/all/V_190.png,038f110019ab95f1db19056b6b02d14d04b03d077c69c1421b8cdac78d230be9,1392,2000,caption_only; multiple visible panels may occur
V_191,191,106v,1006261,106,validation,data/page_images/all/V_191.png,9a2eedeebddffc0fb88db5f3f7dc1862427f444e26ccad165646ad064662e7cb,1444,2000,caption_only; multiple visible panels may occur
V_192,192,107r,1006262,107,train,data/page_images/all/V_192.png,56bf2a17db6a296ad7194a67e3dce30b03936e338c63af6ad283b839fa826b7c,1395,2000,caption_only; multiple visible panels may occur
V_193,193,107v,1006263,107,train,data/page_images/all/V_193.png,244538ca82a2574e88145768cc8ab259c150b33671cafc7c8ac2598b883f18bb,1455,2000,caption_only; multiple visible panels may occur
V_194,194,108r,1006264,108,train,data/page_images/all/V_194.png,3fb456c8f3b7a42fc6518b4ed8df8a0548f53a393edf25a0d5d18ff0a95fbe46,1395,2000,caption_only; multiple visible panels may occur
V_195,195,108v,1006265,108,train,data/page_images/all/V_195.png,a5481f6bb91a2dff844213dc4b57a1f9e3ff786e5d7ad95b5968ef14f155db47,1430,2000,caption_only; multiple visible panels may occur
V_196,196,111r,1006266,111,train,data/page_images/all/V_196.png,7ca3d1d9da4d4a40e09a3e70407157a460c1cbdafbbc5ea434d49e6ee0fdc572,1386,2000,caption_only; multiple visible panels may occur
V_197,197,111v,1006267,111,train,data/page_images/all/V_197.png,c6c9fe90deed19984259279c7b521f072fca6e10b41a4c4c011343ae693ff88e,1442,2000,caption_only; multiple visible panels may occur
V_198,198,112r,1006268,112,calibration,data/page_images/all/V_198.png,a03acac9efd1f79dbc5a8940b7a8e11397c32d9db3b9c8bfc59905351bb994af,1374,2000,caption_only; multiple visible panels may occur
V_199,199,112v,1006269,112,calibration,data/page_images/all/V_199.png,962b12921896e9fe6a2d812428b94e08608ab88ebf6d74461d10195e8cc32c1f,1441,2000,caption_only; multiple visible panels may occur
V_200,200,113r,1006270,113,validation,data/page_images/all/V_200.png,85dae84db2a484dabc3efd9a52148e20ecf150378b7f97ea900d51e34f888807,1364,2000,caption_only; multiple visible panels may occur
V_201,201,113v,1006271,113,validation,data/page_images/all/V_201.png,fd49d0d44b1c8b93e0305942e02970a3de75a5f1a696457ccdf4eeeacb3d7813,1442,2000,caption_only; multiple visible panels may occur
V_202,202,114r,1006272,114,test,data/page_images/all/V_202.png,955f14bb0719487b32d61cd5fa2f8f6157093950c2084f8791a9aa7c16222a8f,1373,2000,caption_only; multiple visible panels may occur
V_203,203,114v,1006273,114,test,data/page_images/all/V_203.png,875077641de8e086335cbe4fc560d0c2fb7ae20c5eb7e215a262debd7b644d17,1445,2000,caption_only; multiple visible panels may occur
V_204,204,115r,1006274,115,train,data/page_images/all/V_204.png,b8ed29cca84510b5606bace222c7110a2f989a83965800c1344de18c3157ed9a,1365,2000,caption_only; multiple visible panels may occur
V_205,205,115v,1006275,115,train,data/page_images/all/V_205.png,25bde826e55b3eaaf30f4a0462a5da02037d17a895c5e0b0c343c9d6bd77d662,1448,2000,caption_only; multiple visible panels may occur
V_206,206,116r,1006276,116,train,data/page_images/all/V_206.png,d52e6aa9a21c863baee19af476d94cbfc3f91330c9626d691b2df824ace9dbcc,1351,2000,caption_only; multiple visible panels may occur
V_207,207,116v,1006277,116,train,data/page_images/all/V_207.png,60c9cc2a08de54d00b10f4223fd0ac7ae45656e38a3136a86358cad657a7a9e2,1453,2000,caption_only; multiple visible panels may occur
V_208,208,[Back flyleaf recto],1037113,,excluded_cover,data/page_images/all/V_208.png,4193b7d753c501b245ee215d7341d9424f7f084ea8edb46f86e41b421a4d7b88,1357,2000,caption_only; multiple visible panels may occur
V_209,209,[Back flyleaf verso-inside back cover],1006278,,excluded_cover,data/page_images/all/V_209.png,80b4253ff6b8dd35c30ca132ca61011de87a8fd221c2f0034852668322b91353,2000,1431,caption_only; multiple visible panels may occur
V_210,210,[Head],11868207,,excluded_cover,data/page_images/all/V_210.png,cce76e31aef02b0590d54674efb78f64d5f4889cddc1bb932eea2f7ec5a346fa,2000,863,caption_only; multiple visible panels may occur
V_211,211,[Tail],11868208,,excluded_cover,data/page_images/all/V_211.png,17ca43972fcdcbc3b5d21fdc2ec59241870cc289c6161b76ac5de539be9403f2,2000,861,caption_only; multiple visible panels may occur
V_212,212,[Fore-edge],11868209,,excluded_cover,data/page_images/all/V_212.png,f3c7e0ff52fd01e4cb57c49eb6da515be03751d8b05f0f4fa338b02d5b2b8c6e,654,2000,caption_only; multiple visible panels may occur
V_213,213,[Spine],11868210,,excluded_cover,data/page_images/all/V_213.png,e1ffdfdaeeb54482569b9278c0d48b4162c3416526a6dc67b42a956e940cd2db,537,2000,caption_only; multiple visible panels may occur
V_214,214,[Back cover],1006279,,excluded_cover,data/page_images/all/V_214.png,37012e80e5ce45c50e4de5fb4eccaedfee5e6dd9763314326b4700a512e32f49,1497,2000,caption_only; multiple visible panels may occur
