path,bytes,sha256
httpsvoynich-nudataRF1b-e.txt,367984,9e86f104282e17bd673b7a21150c4a167e1595ae68658db72859db24c2ca455f
httpsvoynich.nudataGC2a-n.txt,320736,69de7c6e36f5f54dad52141c5535601206b6130c1e93592becfbc3eca7e94b22
httpswww.voynich.nudataZL3b-.txt,420179,3012092a1cf91ea2adbf82d56babdfe2be94fd916b2288c040850c957ed25935
UD_Finnish-TDT-master.zip,3085884,76dadde527f9f505628f7ae99beb68450eaf9980faf7cd06d2ed0dbff35fd628
UD_Latin-PROIEL-master.zip,2966356,90de877cfa1079031daa55bd7351331b98a385f9859abb06b78203bca940cce1
UD_Turkish-IMST-master.zip,802821,2dd5d4d78db2fa0bd8bbf638a0ddda0e46e6c52bf6cdfcba697b5b29eb328c8b
voynich-main.zip,24777070,7554794e09bc6eb19b21d785ec0c233fad2710621a29390636186129a95c658f
Voynich-Manuscript_all_Pages.pdf,118428581,b048d09835c66522cc7a6d93e3edf4693edacc403aa79f738c47a421d840f761
Voynich-public-main.zip,40804721,bcf312324cd914d6cd7badd277a691e405b317411cb198ce93ef643299716b28
Voynich_Decipher_Test_2nd_Chat.txt,91442,9b304082f3bc9ce9d2b94efa6674a72c29512a833677c66fd982acf90a263378
Voynich_Decipher_test_Chat.txt,26797,aae036e8cfd927dd4d48b9d2d067dfd319fcbccad0fa8a6e13da4835ed6439ac
Voynich_Decipher_test_Chat_More_Chat.txt,124038,e3c39a31e5409d064d40e6cfb68542e5eebea7ca007ed8ac3a0f004509e6c09f
VOYNICH_GROUND_UP_HANDOFF.md,25257,1a03a07aad4450bbb94aeb10b924361c55b5e7d22e0382ed20612cafbea034ea
VOYNICH_TEST_LEDGER.md,31392,4573693919bf17305f43f5ab7cf4b59af7afdcd84943ac5f0a35c191f4b94da1
