pdf_page,pdf_index,caption,yale_image_id,width_pt,height_pt,rotation,mapping_basis
1,0,Yale catalogue cover sheet,,612.0,792.0,0,embedded PDF caption
2,1,[Front cover],1006074,612.0,792.0,0,embedded PDF caption
3,2,[Inside front cover],1006075,612.0,792.0,0,embedded PDF caption
4,3,1r,1006076,612.0,792.0,0,embedded PDF caption
5,4,1v,1006077,612.0,792.0,0,embedded PDF caption
6,5,2r,1006078,612.0,792.0,0,embedded PDF caption
7,6,2v,1006079,612.0,792.0,0,embedded PDF caption
8,7,3r,1006080,612.0,792.0,0,embedded PDF caption
9,8,3v,1006081,612.0,792.0,0,embedded PDF caption
10,9,4r,1006082,612.0,792.0,0,embedded PDF caption
11,10,4v,1006083,612.0,792.0,0,embedded PDF caption
12,11,5r,1006084,612.0,792.0,0,embedded PDF caption
13,12,5v,1006085,612.0,792.0,0,embedded PDF caption
14,13,6r,1006086,612.0,792.0,0,embedded PDF caption
15,14,6v,1006087,612.0,792.0,0,embedded PDF caption
16,15,7r,1006088,612.0,792.0,0,embedded PDF caption
17,16,7v,1006089,612.0,792.0,0,embedded PDF caption
18,17,8r,1006090,612.0,792.0,0,embedded PDF caption
19,18,8v,1006091,612.0,792.0,0,embedded PDF caption
20,19,9r,1006092,612.0,792.0,0,embedded PDF caption
21,20,9v,1006093,612.0,792.0,0,embedded PDF caption
22,21,10r,1006094,612.0,792.0,0,embedded PDF caption
23,22,10v,1006095,612.0,792.0,0,embedded PDF caption
24,23,11r,1006096,612.0,792.0,0,embedded PDF caption
25,24,11v,1006097,612.0,792.0,0,embedded PDF caption
26,25,13r,1006098,612.0,792.0,0,embedded PDF caption
27,26,13v,1006099,612.0,792.0,0,embedded PDF caption
28,27,14r,1006100,612.0,792.0,0,embedded PDF caption
29,28,14v,1006101,612.0,792.0,0,embedded PDF caption
30,29,15r,1006102,612.0,792.0,0,embedded PDF caption
31,30,15v,1006103,612.0,792.0,0,embedded PDF caption
32,31,16r,1006104,612.0,792.0,0,embedded PDF caption
33,32,16v,1006105,612.0,792.0,0,embedded PDF caption
34,33,17r,1006106,612.0,792.0,0,embedded PDF caption
35,34,17v,1006107,612.0,792.0,0,embedded PDF caption
36,35,18r,1006108,612.0,792.0,0,embedded PDF caption
37,36,18v,1006109,612.0,792.0,0,embedded PDF caption
38,37,19r,1006110,612.0,792.0,0,embedded PDF caption
39,38,19v,1006111,612.0,792.0,0,embedded PDF caption
40,39,20r,1006112,612.0,792.0,0,embedded PDF caption
41,40,20v,1006113,612.0,792.0,0,embedded PDF caption
42,41,21r,1006114,612.0,792.0,0,embedded PDF caption
43,42,21v,1006115,612.0,792.0,0,embedded PDF caption
44,43,22r,1006116,612.0,792.0,0,embedded PDF caption
45,44,22v,1006117,612.0,792.0,0,embedded PDF caption
46,45,23r,1006118,612.0,792.0,0,embedded PDF caption
47,46,23v,1006119,612.0,792.0,0,embedded PDF caption
48,47,24r,1006120,612.0,792.0,0,embedded PDF caption
49,48,24v,1006121,612.0,792.0,0,embedded PDF caption
50,49,25r,1006122,612.0,792.0,0,embedded PDF caption
51,50,25v,1006123,612.0,792.0,0,embedded PDF caption
52,51,26r,1006124,612.0,792.0,0,embedded PDF caption
53,52,26v,1006125,612.0,792.0,0,embedded PDF caption
54,53,27r,1006126,612.0,792.0,0,embedded PDF caption
55,54,27v,1006127,612.0,792.0,0,embedded PDF caption
56,55,28r,1006128,612.0,792.0,0,embedded PDF caption
57,56,28v,1006129,612.0,792.0,0,embedded PDF caption
58,57,29r,1006130,612.0,792.0,0,embedded PDF caption
59,58,29v,1006131,612.0,792.0,0,embedded PDF caption
60,59,30r,1006132,612.0,792.0,0,embedded PDF caption
61,60,30v,1006133,612.0,792.0,0,embedded PDF caption
62,61,31r,1006134,612.0,792.0,0,embedded PDF caption
63,62,31v,1006135,612.0,792.0,0,embedded PDF caption
64,63,32r,1006136,612.0,792.0,0,embedded PDF caption
65,64,32v,1006137,612.0,792.0,0,embedded PDF caption
66,65,33r,1006138,612.0,792.0,0,embedded PDF caption
67,66,33v,1006139,612.0,792.0,0,embedded PDF caption
68,67,34r,1006140,612.0,792.0,0,embedded PDF caption
69,68,34v,1006141,612.0,792.0,0,embedded PDF caption
70,69,35r,1006142,612.0,792.0,0,embedded PDF caption
71,70,35v,1006143,612.0,792.0,0,embedded PDF caption
72,71,36r,1006144,612.0,792.0,0,embedded PDF caption
73,72,36v,1006145,612.0,792.0,0,embedded PDF caption
74,73,37r,1006146,612.0,792.0,0,embedded PDF caption
75,74,37v,1006147,612.0,792.0,0,embedded PDF caption
76,75,38r,1006148,612.0,792.0,0,embedded PDF caption
77,76,38v,1006149,612.0,792.0,0,embedded PDF caption
78,77,39r,1006150,612.0,792.0,0,embedded PDF caption
79,78,39v,1006151,612.0,792.0,0,embedded PDF caption
80,79,40r,1006152,612.0,792.0,0,embedded PDF caption
81,80,40v,1006153,612.0,792.0,0,embedded PDF caption
82,81,41r,1006154,612.0,792.0,0,embedded PDF caption
83,82,41v,1006155,612.0,792.0,0,embedded PDF caption
84,83,42r,1006156,612.0,792.0,0,embedded PDF caption
85,84,42v,1006157,612.0,792.0,0,embedded PDF caption
86,85,43r,1006158,612.0,792.0,0,embedded PDF caption
87,86,43v,1006159,612.0,792.0,0,embedded PDF caption
88,87,44r,1006160,612.0,792.0,0,embedded PDF caption
89,88,44v,1006161,612.0,792.0,0,embedded PDF caption
90,89,45r,1006162,612.0,792.0,0,embedded PDF caption
91,90,45v,1006163,612.0,792.0,0,embedded PDF caption
92,91,46r,1006164,612.0,792.0,0,embedded PDF caption
93,92,46v,1006165,612.0,792.0,0,embedded PDF caption
94,93,47r,1006166,612.0,792.0,0,embedded PDF caption
95,94,47v,1006167,612.0,792.0,0,embedded PDF caption
96,95,48r,1006168,612.0,792.0,0,embedded PDF caption
97,96,48v,1006169,612.0,792.0,0,embedded PDF caption
98,97,49r,1006170,612.0,792.0,0,embedded PDF caption
99,98,49v,1006171,612.0,792.0,0,embedded PDF caption
100,99,50r,1006172,612.0,792.0,0,embedded PDF caption
101,100,50v,1006173,612.0,792.0,0,embedded PDF caption
102,101,51r,1006174,612.0,792.0,0,embedded PDF caption
103,102,51v,1006175,612.0,792.0,0,embedded PDF caption
104,103,52r,1006176,612.0,792.0,0,embedded PDF caption
105,104,52v,1006177,612.0,792.0,0,embedded PDF caption
106,105,53r,1006178,612.0,792.0,0,embedded PDF caption
107,106,53v,1006179,612.0,792.0,0,embedded PDF caption
108,107,54r,1006180,612.0,792.0,0,embedded PDF caption
109,108,54v,1006181,612.0,792.0,0,embedded PDF caption
110,109,55r,1006182,612.0,792.0,0,embedded PDF caption
111,110,55v,1006183,612.0,792.0,0,embedded PDF caption
112,111,56r,1006184,612.0,792.0,0,embedded PDF caption
113,112,56v,1006185,612.0,792.0,0,embedded PDF caption
114,113,57r,1006186,612.0,792.0,0,embedded PDF caption
115,114,57v,1006187,612.0,792.0,0,embedded PDF caption
116,115,58r,1006188,612.0,792.0,0,embedded PDF caption
117,116,58v,1006189,612.0,792.0,0,embedded PDF caption
118,117,65r,1006190,612.0,792.0,0,embedded PDF caption
119,118,65v,1006191,612.0,792.0,0,embedded PDF caption
120,119,66r,1006192,612.0,792.0,0,embedded PDF caption
121,120,66v,1006193,612.0,792.0,0,embedded PDF caption
122,121,67r,1006194,612.0,792.0,0,embedded PDF caption
123,122,67v,1006195,612.0,792.0,0,embedded PDF caption
124,123,68r,1006196,612.0,792.0,0,embedded PDF caption
125,124,68v,1006197,612.0,792.0,0,embedded PDF caption
126,125,69r,1006198,612.0,792.0,0,embedded PDF caption
127,126,69v and 70r,1006199,612.0,792.0,0,embedded PDF caption
128,127,70v (part),1006200,612.0,792.0,0,embedded PDF caption
129,128,70v (part),1006201,612.0,792.0,0,embedded PDF caption
130,129,71r,1006202,612.0,792.0,0,embedded PDF caption
131,130,71v and 72r,1006203,612.0,792.0,0,embedded PDF caption
132,131,72v (part),1006204,612.0,792.0,0,embedded PDF caption
133,132,72v (part),1006205,612.0,792.0,0,embedded PDF caption
134,133,73r,1006206,612.0,792.0,0,embedded PDF caption
135,134,73v,1006207,612.0,792.0,0,embedded PDF caption
136,135,75r,1006208,612.0,792.0,0,embedded PDF caption
137,136,75v,1006209,612.0,792.0,0,embedded PDF caption
138,137,76r,1006210,612.0,792.0,0,embedded PDF caption
139,138,76v,1006211,612.0,792.0,0,embedded PDF caption
140,139,77r,1006212,612.0,792.0,0,embedded PDF caption
141,140,77v,1006213,612.0,792.0,0,embedded PDF caption
142,141,78r,1006214,612.0,792.0,0,embedded PDF caption
143,142,78v,1006215,612.0,792.0,0,embedded PDF caption
144,143,79r,1006216,612.0,792.0,0,embedded PDF caption
145,144,79v,1006217,612.0,792.0,0,embedded PDF caption
146,145,80r,1006218,612.0,792.0,0,embedded PDF caption
147,146,80v,1006219,612.0,792.0,0,embedded PDF caption
148,147,81r,1006220,612.0,792.0,0,embedded PDF caption
149,148,81v,1006221,612.0,792.0,0,embedded PDF caption
150,149,82r,1006222,612.0,792.0,0,embedded PDF caption
151,150,82v,1006223,612.0,792.0,0,embedded PDF caption
152,151,83r,1006224,612.0,792.0,0,embedded PDF caption
153,152,83v,1006225,612.0,792.0,0,embedded PDF caption
154,153,84r,1006226,612.0,792.0,0,embedded PDF caption
155,154,84v,1006227,612.0,792.0,0,embedded PDF caption
156,155,85r (part) (part of 85-86 foldout),1006228,612.0,792.0,0,embedded PDF caption
157,156,85r (part) 86v (part) (part of 85-86 foldout),1006229,612.0,792.0,0,embedded PDF caption
158,157,86v (part) (part of 85-86 foldout),1006230,612.0,792.0,0,embedded PDF caption
159,158,85v and 86r (foldout),1006231,612.0,792.0,0,embedded PDF caption
160,159,87r,1006232,612.0,792.0,0,embedded PDF caption
161,160,87v,1043429,612.0,792.0,0,embedded PDF caption
162,161,88r,1037112,612.0,792.0,0,embedded PDF caption
163,162,88v and 89r,1006233,612.0,792.0,0,embedded PDF caption
164,163,89v (part),1006234,612.0,792.0,0,embedded PDF caption
165,164,89v (part) and 90r,1006235,612.0,792.0,0,embedded PDF caption
166,165,90r,1006236,612.0,792.0,0,embedded PDF caption
167,166,90v (part),1006237,612.0,792.0,0,embedded PDF caption
168,167,93r,1006238,612.0,792.0,0,embedded PDF caption
169,168,93v,1006239,612.0,792.0,0,embedded PDF caption
170,169,94r,1006240,612.0,792.0,0,embedded PDF caption
171,170,94v and 95r,1006241,612.0,792.0,0,embedded PDF caption
172,171,95v (part),1006242,612.0,792.0,0,embedded PDF caption
173,172,95v,1006243,612.0,792.0,0,embedded PDF caption
174,173,96r,1006244,612.0,792.0,0,embedded PDF caption
175,174,96v,1006245,612.0,792.0,0,embedded PDF caption
176,175,99r,1006246,612.0,792.0,0,embedded PDF caption
177,176,99v,1006247,612.0,792.0,0,embedded PDF caption
178,177,100r,1006248,612.0,792.0,0,embedded PDF caption
179,178,100v and 101r,1006249,612.0,792.0,0,embedded PDF caption
180,179,101v (part),1006250,612.0,792.0,0,embedded PDF caption
181,180,101v (part) and 102r,1006251,612.0,792.0,0,embedded PDF caption
182,181,102v (part),1006252,612.0,792.0,0,embedded PDF caption
183,182,102v (part),1006253,612.0,792.0,0,embedded PDF caption
184,183,103r,1006254,612.0,792.0,0,embedded PDF caption
185,184,103v,1006255,612.0,792.0,0,embedded PDF caption
186,185,104r,1006256,612.0,792.0,0,embedded PDF caption
187,186,104v,1006257,612.0,792.0,0,embedded PDF caption
188,187,105r,1006258,612.0,792.0,0,embedded PDF caption
189,188,105v,1006259,612.0,792.0,0,embedded PDF caption
190,189,106r,1006260,612.0,792.0,0,embedded PDF caption
191,190,106v,1006261,612.0,792.0,0,embedded PDF caption
192,191,107r,1006262,612.0,792.0,0,embedded PDF caption
193,192,107v,1006263,612.0,792.0,0,embedded PDF caption
194,193,108r,1006264,612.0,792.0,0,embedded PDF caption
195,194,108v,1006265,612.0,792.0,0,embedded PDF caption
196,195,111r,1006266,612.0,792.0,0,embedded PDF caption
197,196,111v,1006267,612.0,792.0,0,embedded PDF caption
198,197,112r,1006268,612.0,792.0,0,embedded PDF caption
199,198,112v,1006269,612.0,792.0,0,embedded PDF caption
200,199,113r,1006270,612.0,792.0,0,embedded PDF caption
201,200,113v,1006271,612.0,792.0,0,embedded PDF caption
202,201,114r,1006272,612.0,792.0,0,embedded PDF caption
203,202,114v,1006273,612.0,792.0,0,embedded PDF caption
204,203,115r,1006274,612.0,792.0,0,embedded PDF caption
205,204,115v,1006275,612.0,792.0,0,embedded PDF caption
206,205,116r,1006276,612.0,792.0,0,embedded PDF caption
207,206,116v,1006277,612.0,792.0,0,embedded PDF caption
208,207,[Back flyleaf recto],1037113,612.0,792.0,0,embedded PDF caption
209,208,[Back flyleaf verso-inside back cover],1006278,612.0,792.0,0,embedded PDF caption
210,209,[Head],11868207,612.0,792.0,0,embedded PDF caption
211,210,[Tail],11868208,612.0,792.0,0,embedded PDF caption
212,211,[Fore-edge],11868209,612.0,792.0,0,embedded PDF caption
213,212,[Spine],11868210,612.0,792.0,0,embedded PDF caption
214,213,[Back cover],1006279,612.0,792.0,0,embedded PDF caption
