pdf_page,object_name,width_px,height_px,bits_per_component,color_space,filters
1,/Im1,120,120,8,/DeviceRGB,/FlateDecode
2,/Im1,1517,2000,8,/DeviceRGB,/DCTDecode
3,/Im1,1481,2000,8,/DeviceRGB,/DCTDecode
4,/Im1,1578,2000,8,/DeviceRGB,/DCTDecode
5,/Im1,1477,2000,8,/DeviceRGB,/DCTDecode
6,/Im1,1428,2000,8,/DeviceRGB,/DCTDecode
7,/Im1,1460,2000,8,/DeviceRGB,/DCTDecode
8,/Im1,1428,2000,8,/DeviceRGB,/DCTDecode
9,/Im1,1455,2000,8,/DeviceRGB,/DCTDecode
10,/Im1,1434,2000,8,/DeviceRGB,/DCTDecode
11,/Im1,1458,2000,8,/DeviceRGB,/DCTDecode
12,/Im1,1416,2000,8,/DeviceRGB,/DCTDecode
13,/Im1,1453,2000,8,/DeviceRGB,/DCTDecode
14,/Im1,1428,2000,8,/DeviceRGB,/DCTDecode
15,/Im1,1450,2000,8,/DeviceRGB,/DCTDecode
16,/Im1,1428,2000,8,/DeviceRGB,/DCTDecode
17,/Im1,1478,2000,8,/DeviceRGB,/DCTDecode
18,/Im1,1430,2000,8,/DeviceRGB,/DCTDecode
19,/Im1,1470,2000,8,/DeviceRGB,/DCTDecode
20,/Im1,1440,2000,8,/DeviceRGB,/DCTDecode
21,/Im1,1481,2000,8,/DeviceRGB,/DCTDecode
22,/Im1,1439,2000,8,/DeviceRGB,/DCTDecode
23,/Im1,1495,2000,8,/DeviceRGB,/DCTDecode
24,/Im1,1427,2000,8,/DeviceRGB,/DCTDecode
25,/Im1,1497,2000,8,/DeviceRGB,/DCTDecode
26,/Im1,1397,2000,8,/DeviceRGB,/DCTDecode
27,/Im1,1492,2000,8,/DeviceRGB,/DCTDecode
28,/Im1,1424,2000,8,/DeviceRGB,/DCTDecode
29,/Im1,1491,2000,8,/DeviceRGB,/DCTDecode
30,/Im1,1420,2000,8,/DeviceRGB,/DCTDecode
31,/Im1,1502,2000,8,/DeviceRGB,/DCTDecode
32,/Im1,1415,2000,8,/DeviceRGB,/DCTDecode
33,/Im1,1497,2000,8,/DeviceRGB,/DCTDecode
34,/Im1,1415,2000,8,/DeviceRGB,/DCTDecode
35,/Im1,1506,2000,8,/DeviceRGB,/DCTDecode
36,/Im1,1415,2000,8,/DeviceRGB,/DCTDecode
37,/Im1,1505,2000,8,/DeviceRGB,/DCTDecode
38,/Im1,1415,2000,8,/DeviceRGB,/DCTDecode
39,/Im1,1512,2000,8,/DeviceRGB,/DCTDecode
40,/Im1,1415,2000,8,/DeviceRGB,/DCTDecode
41,/Im1,1512,2000,8,/DeviceRGB,/DCTDecode
42,/Im1,1415,2000,8,/DeviceRGB,/DCTDecode
43,/Im1,1512,2000,8,/DeviceRGB,/DCTDecode
44,/Im1,1415,2000,8,/DeviceRGB,/DCTDecode
45,/Im1,1501,2000,8,/DeviceRGB,/DCTDecode
46,/Im1,1430,2000,8,/DeviceRGB,/DCTDecode
47,/Im1,1507,2000,8,/DeviceRGB,/DCTDecode
48,/Im1,1446,2000,8,/DeviceRGB,/DCTDecode
49,/Im1,1519,2000,8,/DeviceRGB,/DCTDecode
50,/Im1,1448,2000,8,/DeviceRGB,/DCTDecode
51,/Im1,1519,2000,8,/DeviceRGB,/DCTDecode
52,/Im1,1457,2000,8,/DeviceRGB,/DCTDecode
53,/Im1,1512,2000,8,/DeviceRGB,/DCTDecode
54,/Im1,1447,2000,8,/DeviceRGB,/DCTDecode
55,/Im1,1512,2000,8,/DeviceRGB,/DCTDecode
56,/Im1,1457,2000,8,/DeviceRGB,/DCTDecode
57,/Im1,1526,2000,8,/DeviceRGB,/DCTDecode
58,/Im1,1452,2000,8,/DeviceRGB,/DCTDecode
59,/Im1,1523,2000,8,/DeviceRGB,/DCTDecode
60,/Im1,1465,2000,8,/DeviceRGB,/DCTDecode
61,/Im1,1512,2000,8,/DeviceRGB,/DCTDecode
62,/Im1,1452,2000,8,/DeviceRGB,/DCTDecode
63,/Im1,1512,2000,8,/DeviceRGB,/DCTDecode
64,/Im1,1466,2000,8,/DeviceRGB,/DCTDecode
65,/Im1,1512,2000,8,/DeviceRGB,/DCTDecode
66,/Im1,1478,2000,8,/DeviceRGB,/DCTDecode
67,/Im1,1523,2000,8,/DeviceRGB,/DCTDecode
68,/Im1,1484,2000,8,/DeviceRGB,/DCTDecode
69,/Im1,1522,2000,8,/DeviceRGB,/DCTDecode
70,/Im1,1492,2000,8,/DeviceRGB,/DCTDecode
71,/Im1,1514,2000,8,/DeviceRGB,/DCTDecode
72,/Im1,1492,2000,8,/DeviceRGB,/DCTDecode
73,/Im1,1512,2000,8,/DeviceRGB,/DCTDecode
74,/Im1,1492,2000,8,/DeviceRGB,/DCTDecode
75,/Im1,1529,2000,8,/DeviceRGB,/DCTDecode
76,/Im1,1492,2000,8,/DeviceRGB,/DCTDecode
77,/Im1,1529,2000,8,/DeviceRGB,/DCTDecode
78,/Im1,1492,2000,8,/DeviceRGB,/DCTDecode
79,/Im1,1529,2000,8,/DeviceRGB,/DCTDecode
80,/Im1,1496,2000,8,/DeviceRGB,/DCTDecode
81,/Im1,1529,2000,8,/DeviceRGB,/DCTDecode
82,/Im1,1517,2000,8,/DeviceRGB,/DCTDecode
83,/Im1,1529,2000,8,/DeviceRGB,/DCTDecode
84,/Im1,1519,2000,8,/DeviceRGB,/DCTDecode
85,/Im1,1529,2000,8,/DeviceRGB,/DCTDecode
86,/Im1,1513,2000,8,/DeviceRGB,/DCTDecode
87,/Im1,1529,2000,8,/DeviceRGB,/DCTDecode
88,/Im1,1502,2000,8,/DeviceRGB,/DCTDecode
89,/Im1,1529,2000,8,/DeviceRGB,/DCTDecode
90,/Im1,1523,2000,8,/DeviceRGB,/DCTDecode
91,/Im1,1539,2000,8,/DeviceRGB,/DCTDecode
92,/Im1,1541,2000,8,/DeviceRGB,/DCTDecode
93,/Im1,1559,2000,8,/DeviceRGB,/DCTDecode
94,/Im1,1521,2000,8,/DeviceRGB,/DCTDecode
95,/Im1,1556,2000,8,/DeviceRGB,/DCTDecode
96,/Im1,1538,2000,8,/DeviceRGB,/DCTDecode
97,/Im1,1565,2000,8,/DeviceRGB,/DCTDecode
98,/Im1,1508,2000,8,/DeviceRGB,/DCTDecode
99,/Im1,1557,2000,8,/DeviceRGB,/DCTDecode
100,/Im1,1514,2000,8,/DeviceRGB,/DCTDecode
101,/Im1,1561,2000,8,/DeviceRGB,/DCTDecode
102,/Im1,1506,2000,8,/DeviceRGB,/DCTDecode
103,/Im1,1553,2000,8,/DeviceRGB,/DCTDecode
104,/Im1,1504,2000,8,/DeviceRGB,/DCTDecode
105,/Im1,1557,2000,8,/DeviceRGB,/DCTDecode
106,/Im1,1507,2000,8,/DeviceRGB,/DCTDecode
107,/Im1,1560,2000,8,/DeviceRGB,/DCTDecode
108,/Im1,1502,2000,8,/DeviceRGB,/DCTDecode
109,/Im1,1591,2000,8,/DeviceRGB,/DCTDecode
110,/Im1,1494,2000,8,/DeviceRGB,/DCTDecode
111,/Im1,1581,2000,8,/DeviceRGB,/DCTDecode
112,/Im1,1507,2000,8,/DeviceRGB,/DCTDecode
113,/Im1,1581,2000,8,/DeviceRGB,/DCTDecode
114,/Im1,1512,2000,8,/DeviceRGB,/DCTDecode
115,/Im1,1607,2000,8,/DeviceRGB,/DCTDecode
116,/Im1,1490,2000,8,/DeviceRGB,/DCTDecode
117,/Im1,1585,2000,8,/DeviceRGB,/DCTDecode
118,/Im1,1507,2000,8,/DeviceRGB,/DCTDecode
119,/Im1,1597,2000,8,/DeviceRGB,/DCTDecode
120,/Im1,1507,2000,8,/DeviceRGB,/DCTDecode
121,/Im1,1590,2000,8,/DeviceRGB,/DCTDecode
122,/Im1,2000,1504,8,/DeviceRGB,/DCTDecode
123,/Im1,2000,1484,8,/DeviceRGB,/DCTDecode
124,/Im1,2000,958,8,/DeviceRGB,/DCTDecode
125,/Im1,2000,944,8,/DeviceRGB,/DCTDecode
126,/Im1,1484,2000,8,/DeviceRGB,/DCTDecode
127,/Im1,2000,873,8,/DeviceRGB,/DCTDecode
128,/Im1,2000,1912,8,/DeviceRGB,/DCTDecode
129,/Im1,1610,2000,8,/DeviceRGB,/DCTDecode
130,/Im1,1485,2000,8,/DeviceRGB,/DCTDecode
131,/Im1,2000,681,8,/DeviceRGB,/DCTDecode
132,/Im1,2000,1270,8,/DeviceRGB,/DCTDecode
133,/Im1,1605,2000,8,/DeviceRGB,/DCTDecode
134,/Im1,1507,2000,8,/DeviceRGB,/DCTDecode
135,/Im1,1600,2000,8,/DeviceRGB,/DCTDecode
136,/Im1,1517,2000,8,/DeviceRGB,/DCTDecode
137,/Im1,1536,2000,8,/DeviceRGB,/DCTDecode
138,/Im1,1482,2000,8,/DeviceRGB,/DCTDecode
139,/Im1,1521,2000,8,/DeviceRGB,/DCTDecode
140,/Im1,1489,2000,8,/DeviceRGB,/DCTDecode
141,/Im1,1548,2000,8,/DeviceRGB,/DCTDecode
142,/Im1,1485,2000,8,/DeviceRGB,/DCTDecode
143,/Im1,1533,2000,8,/DeviceRGB,/DCTDecode
144,/Im1,1483,2000,8,/DeviceRGB,/DCTDecode
145,/Im1,1514,2000,8,/DeviceRGB,/DCTDecode
146,/Im1,1496,2000,8,/DeviceRGB,/DCTDecode
147,/Im1,1529,2000,8,/DeviceRGB,/DCTDecode
148,/Im1,1486,2000,8,/DeviceRGB,/DCTDecode
149,/Im1,1530,2000,8,/DeviceRGB,/DCTDecode
150,/Im1,1470,2000,8,/DeviceRGB,/DCTDecode
151,/Im1,1521,2000,8,/DeviceRGB,/DCTDecode
152,/Im1,1470,2000,8,/DeviceRGB,/DCTDecode
153,/Im1,1548,2000,8,/DeviceRGB,/DCTDecode
154,/Im1,1470,2000,8,/DeviceRGB,/DCTDecode
155,/Im1,1535,2000,8,/DeviceRGB,/DCTDecode
156,/Im1,1482,2000,8,/DeviceRGB,/DCTDecode
157,/Im1,2000,1003,8,/DeviceRGB,/DCTDecode
158,/Im1,2000,1547,8,/DeviceRGB,/DCTDecode
159,/Im1,2000,1834,8,/DeviceRGB,/DCTDecode
160,/Im1,1470,2000,8,/DeviceRGB,/DCTDecode
161,/Im1,1565,2000,8,/DeviceRGB,/DCTDecode
162,/Im1,1453,2000,8,/DeviceRGB,/DCTDecode
163,/Im1,2000,832,8,/DeviceRGB,/DCTDecode
164,/Im1,2000,1812,8,/DeviceRGB,/DCTDecode
165,/Im1,2000,965,8,/DeviceRGB,/DCTDecode
166,/Im1,1459,2000,8,/DeviceRGB,/DCTDecode
167,/Im1,1535,2000,8,/DeviceRGB,/DCTDecode
168,/Im1,1447,2000,8,/DeviceRGB,/DCTDecode
169,/Im1,1535,2000,8,/DeviceRGB,/DCTDecode
170,/Im1,1453,2000,8,/DeviceRGB,/DCTDecode
171,/Im1,2000,995,8,/DeviceRGB,/DCTDecode
172,/Im1,1457,2000,8,/DeviceRGB,/DCTDecode
173,/Im1,1535,2000,8,/DeviceRGB,/DCTDecode
174,/Im1,1441,2000,8,/DeviceRGB,/DCTDecode
175,/Im1,1546,2000,8,/DeviceRGB,/DCTDecode
176,/Im1,1435,2000,8,/DeviceRGB,/DCTDecode
177,/Im1,1516,2000,8,/DeviceRGB,/DCTDecode
178,/Im1,1425,2000,8,/DeviceRGB,/DCTDecode
179,/Im1,2000,992,8,/DeviceRGB,/DCTDecode
180,/Im1,1428,2000,8,/DeviceRGB,/DCTDecode
181,/Im1,2000,945,8,/DeviceRGB,/DCTDecode
182,/Im1,1571,2000,8,/DeviceRGB,/DCTDecode
183,/Im1,1535,2000,8,/DeviceRGB,/DCTDecode
184,/Im1,1413,2000,8,/DeviceRGB,/DCTDecode
185,/Im1,1494,2000,8,/DeviceRGB,/DCTDecode
186,/Im1,1405,2000,8,/DeviceRGB,/DCTDecode
187,/Im1,1482,2000,8,/DeviceRGB,/DCTDecode
188,/Im1,1412,2000,8,/DeviceRGB,/DCTDecode
189,/Im1,1439,2000,8,/DeviceRGB,/DCTDecode
190,/Im1,1392,2000,8,/DeviceRGB,/DCTDecode
191,/Im1,1444,2000,8,/DeviceRGB,/DCTDecode
192,/Im1,1395,2000,8,/DeviceRGB,/DCTDecode
193,/Im1,1455,2000,8,/DeviceRGB,/DCTDecode
194,/Im1,1395,2000,8,/DeviceRGB,/DCTDecode
195,/Im1,1430,2000,8,/DeviceRGB,/DCTDecode
196,/Im1,1386,2000,8,/DeviceRGB,/DCTDecode
197,/Im1,1442,2000,8,/DeviceRGB,/DCTDecode
198,/Im1,1374,2000,8,/DeviceRGB,/DCTDecode
199,/Im1,1441,2000,8,/DeviceRGB,/DCTDecode
200,/Im1,1364,2000,8,/DeviceRGB,/DCTDecode
201,/Im1,1442,2000,8,/DeviceRGB,/DCTDecode
202,/Im1,1373,2000,8,/DeviceRGB,/DCTDecode
203,/Im1,1445,2000,8,/DeviceRGB,/DCTDecode
204,/Im1,1365,2000,8,/DeviceRGB,/DCTDecode
205,/Im1,1448,2000,8,/DeviceRGB,/DCTDecode
206,/Im1,1351,2000,8,/DeviceRGB,/DCTDecode
207,/Im1,1453,2000,8,/DeviceRGB,/DCTDecode
208,/Im1,1357,2000,8,/DeviceRGB,/DCTDecode
209,/Im1,2000,1431,8,/DeviceRGB,/DCTDecode
210,/Im1,2000,863,8,/DeviceRGB,/DCTDecode
211,/Im1,2000,861,8,/DeviceRGB,/DCTDecode
212,/Im1,654,2000,8,/DeviceRGB,/DCTDecode
213,/Im1,537,2000,8,/DeviceRGB,/DCTDecode
214,/Im1,1497,2000,8,/DeviceRGB,/DCTDecode
