blind_page_id,pdf_page,split,selection_basis,native_path,native_file_sha256,png_path,png_sha256,decoded_rgb_sha256,width_px,height_px,source_object_name,coordinate_frame,transforms
B_001,4,discovery,early illustration and text,data/page_images/B_001.jpg,198e1f7cb881b572a99aa06ed472b214fdcd22e2f050803e98d2952507a11cfd,data/page_images/B_001.png,f3fac9f60dd1e8f7f7f36e63e22cfa582d634b0314e391fc5c69f0319097c79c,f0130f72807a0cdbfa2aad9250edb291984cb26caaaa57c15caa4d64eeb03316,1578,2000,Im1.jpg,decoded embedded image; top-left origin; x right; y down,RGB decoding only; PNG export; no geometric transform
B_002,82,discovery,middle manuscript illustration and text,data/page_images/B_002.jpg,29d26be5de24af9d8f56d254fa85d56e37f1f705f915be8ab198cff214489f73,data/page_images/B_002.png,7bd0873d65420cc44d26e014d75e21f46b8bfe2930ff36b5f03b2455960d9ff5,4df33710fa780a2a3fcb5f86784499bce1e9eed5a1910b5ff347a401484c18bf,1517,2000,Im1.jpg,decoded embedded image; top-left origin; x right; y down,RGB decoding only; PNG export; no geometric transform
B_003,122,discovery,circular layout,data/page_images/B_003.jpg,18913fb5d03f038156a1fcf1a4e3ffece0163e4e1ca596dd2c52f07eef473e7e,data/page_images/B_003.png,8564d40a3d8d9b8da126fd2f685a669f9e8791bdc01366a5e18d96d4d19846aa,31795bcd2de0516bfb79f0b5a926d68200f46996cbe825c843305571fc7598c3,2000,1504,Im1.jpg,decoded embedded image; top-left origin; x right; y down,RGB decoding only; PNG export; no geometric transform
B_004,136,discovery,figures and text,data/page_images/B_004.jpg,ce18e581c2837b43b3e562e6cb635675a55d7686dcafcaa483fc88c931327de5,data/page_images/B_004.png,0519a2c8cc4a194517bacc541c0f0c805029a6bf605ce26fd546510bcbf5b725,74f2c454eb923ab66cee915c53622fa49a1ee4088ee0dc1febd55fd0211a0098,1517,2000,Im1.jpg,decoded embedded image; top-left origin; x right; y down,RGB decoding only; PNG export; no geometric transform
B_005,162,discovery,small illustrations and short groups,data/page_images/B_005.jpg,a42f76abafcbe96fd33dd875414d89782768e2548c9f745b12b8fb351ae80731,data/page_images/B_005.png,65a077884c67524af98b661e61ee45632146f3ea8a01efc65f77854353529406,459d0d12464b45cf7cf14a205b51563a68c5977c08dad1c0126e79e616a1edf3,1453,2000,Im1.jpg,decoded embedded image; top-left origin; x right; y down,RGB decoding only; PNG export; no geometric transform
B_006,184,discovery,late dense text,data/page_images/B_006.jpg,be40af508fdbd418a0fe04bebfdb7d007fb482bba65f04c3b4567b0100d5e57e,data/page_images/B_006.png,437afc02ec5f79c8a5e3aff2f13dcb3f6749f06aca8a7a025570cc1f998466d2,2ee38ce981ed26ff13607eb7fdf358562a47650db7f33435d78e064e777639e1,1413,2000,Im1.jpg,decoded embedded image; top-left origin; x right; y down,RGB decoding only; PNG export; no geometric transform
B_007,52,reserve,early/middle text comparison,data/page_images/B_007.jpg,e83c3c19216b50128b473e83f1a5832addc77d2416c096f2cf8af5c289919c37,data/page_images/B_007.png,d470beb0ffd8132a062cbc84bced8ba96e473905c4f5645af70418dc080e352a,baf7d22a4ed5777c429ff7d8ad9f4571afa8e6309698f149a6623a3d687fd969,1457,2000,Im1.jpg,decoded embedded image; top-left origin; x right; y down,RGB decoding only; PNG export; no geometric transform
B_008,116,reserve,middle manuscript comparison,data/page_images/B_008.jpg,4f512a36917c8ebed68293faf534392b6895365aca6f2ad1e9e6ecce027aa5af,data/page_images/B_008.png,ba7443456ad775beae46c27447fad366ddfec20a4d8e037fdf0a1341c35bd91f,498389647947528aed475ec50a6645de346df3813e5a4052bf907e6d4c5f99c2,1490,2000,Im1.jpg,decoded embedded image; top-left origin; x right; y down,RGB decoding only; PNG export; no geometric transform
B_009,127,reserve,circular and combined caption comparison,data/page_images/B_009.jpg,fa1e2a06900fce6f7b2ff103080dc73b7bf29aceed83670d501e4a659204213a,data/page_images/B_009.png,0e4f9004d27beae05247845e7bb6bf368afeb7656c535c60d5497ff84fce38fa,e9bebd886d28d737bda27e27a10eddaa9c65c08f3b059c6e3a0a41e43249e48f,2000,873,Im1.jpg,decoded embedded image; top-left origin; x right; y down,RGB decoding only; PNG export; no geometric transform
B_010,150,reserve,figures and text comparison,data/page_images/B_010.jpg,0b26026a0cd697321edc8be736644616eece5081649eebf4bf3baed150ebdf8f,data/page_images/B_010.png,caf54f326b7d809f93f3d97bed72205fcdc4c34d893a9894b3de2ff5bb393f47,ba0deabd71f709b3ea72b949ed72f2d282c5248f85deae36f1622c4a4ce58d4d,1470,2000,Im1.jpg,decoded embedded image; top-left origin; x right; y down,RGB decoding only; PNG export; no geometric transform
B_011,176,reserve,small illustrations comparison,data/page_images/B_011.jpg,6081dc25047d43e157e95c14a45c765b9d87cd0acff6634577caaa872f9c000e,data/page_images/B_011.png,a2d03e371fc483968c7173aef75cf23b335ecf51889bb4921637865361d1d462,0fc7a9222be6ee75618acf1fe323983dc36528c5e7a38c6ce2944ac35316c011,1435,2000,Im1.jpg,decoded embedded image; top-left origin; x right; y down,RGB decoding only; PNG export; no geometric transform
B_012,198,reserve,late dense text comparison,data/page_images/B_012.jpg,7486efd323387b83a17759ddff3510a1ea675fdffc2edb2d3a01f89c6e4697a8,data/page_images/B_012.png,a03acac9efd1f79dbc5a8940b7a8e11397c32d9db3b9c8bfc59905351bb994af,06af28b62cf7599b62251a8aff254ad1d29fab391f605d8339f3e5ba66db162a,1374,2000,Im1.jpg,decoded embedded image; top-left origin; x right; y down,RGB decoding only; PNG export; no geometric transform
