view_id,yale_image_id,url,path,sha256,width_px,height_px,pdf_width_px,pdf_height_px,nominal_scale_x,nominal_scale_y,registration_status,status
V_004,1006076,https://collections.library.yale.edu/iiif/2/1006076/full/full/0/default.jpg,data/source/yale_native/1006076.jpg,d02e73e9d81daa461d39beda0340b2acccadcd9db898605fc00b4f126e3e60bf,2972,3766,1578,2000,1.8833967046894804,1.883,nominal scaling only; pixel alignment needs verification,downloaded
V_005,1006077,https://collections.library.yale.edu/iiif/2/1006077/full/full/0/default.jpg,data/source/yale_native/1006077.jpg,43065eacad8a743816eb2b7d9acd8cf882a9bb498f1cea84602d12fede99f77d,2804,3797,1477,2000,1.89844278943805,1.8985,nominal scaling only; pixel alignment needs verification,downloaded
V_006,1006078,https://collections.library.yale.edu/iiif/2/1006078/full/full/0/default.jpg,data/source/yale_native/1006078.jpg,826533a0760798acf5a4caa01ac29fe95eb1ed13a9fb26ac82900a8aea11d53f,2691,3770,1428,2000,1.884453781512605,1.885,nominal scaling only; pixel alignment needs verification,downloaded
V_007,1006079,https://collections.library.yale.edu/iiif/2/1006079/full/full/0/default.jpg,data/source/yale_native/1006079.jpg,ae2e9591c75389fe093e7f35d5c670781d196c253d472030dd4a1d1c86ae1cb7,2771,3797,1460,2000,1.8979452054794521,1.8985,nominal scaling only; pixel alignment needs verification,downloaded
V_008,1006080,https://collections.library.yale.edu/iiif/2/1006080/full/full/0/default.jpg,data/source/yale_native/1006080.jpg,6ea4d4023a3b199463eee9e30508726a9314391f05a613bce3f87ae8d23fd151,2691,3770,1428,2000,1.884453781512605,1.885,nominal scaling only; pixel alignment needs verification,downloaded
V_009,1006081,https://collections.library.yale.edu/iiif/2/1006081/full/full/0/default.jpg,data/source/yale_native/1006081.jpg,b9c19a872d6456fa58f76f15dec1d61bc80cc353fceff33f11abdaae87ce199e,2762,3797,1455,2000,1.8982817869415807,1.8985,nominal scaling only; pixel alignment needs verification,downloaded
V_010,1006082,https://collections.library.yale.edu/iiif/2/1006082/full/full/0/default.jpg,data/source/yale_native/1006082.jpg,fb166d0fe36d8cb635bb73b1d70b7d62e51a5f1ebf896f51921bd1854a06d904,2682,3740,1434,2000,1.8702928870292888,1.87,nominal scaling only; pixel alignment needs verification,downloaded
V_011,1006083,https://collections.library.yale.edu/iiif/2/1006083/full/full/0/default.jpg,data/source/yale_native/1006083.jpg,afec0f17556cb8cec1f1bc529ba4b572fc32363702091bacda4c7c1e0ebf37bc,2768,3797,1458,2000,1.898491083676269,1.8985,nominal scaling only; pixel alignment needs verification,downloaded
V_012,1006084,https://collections.library.yale.edu/iiif/2/1006084/full/full/0/default.jpg,data/source/yale_native/1006084.jpg,e0e966c2a24f6b434b34cd1e1d4ee9aef2cec281c6ad071847e8e8b50d799acb,2636,3723,1416,2000,1.8615819209039548,1.8615,nominal scaling only; pixel alignment needs verification,downloaded
V_013,1006085,https://collections.library.yale.edu/iiif/2/1006085/full/full/0/default.jpg,data/source/yale_native/1006085.jpg,c294a7576438c7673149f7b6294378127721daa5a48d045643feb812a6c49f40,2759,3797,1453,2000,1.8988300068823125,1.8985,nominal scaling only; pixel alignment needs verification,downloaded
V_014,1006086,https://collections.library.yale.edu/iiif/2/1006086/full/full/0/default.jpg,data/source/yale_native/1006086.jpg,2e9e318c945c1a961ab676c81827b4ee71c993d3d02a1adb9365bbb007ffa4dc,2662,3727,1428,2000,1.8641456582633054,1.8635,nominal scaling only; pixel alignment needs verification,downloaded
V_015,1006087,https://collections.library.yale.edu/iiif/2/1006087/full/full/0/default.jpg,data/source/yale_native/1006087.jpg,c05ffc33745eca87cb0387cf47868f2a0a62f2cf6c3f7929a35a2e64834c40dc,2753,3797,1450,2000,1.8986206896551725,1.8985,nominal scaling only; pixel alignment needs verification,downloaded
V_016,1006088,https://collections.library.yale.edu/iiif/2/1006088/full/full/0/default.jpg,data/source/yale_native/1006088.jpg,fd4529ff994cfaefe9bf75966a59eede9ab0ea59e3514bf3aaf0a45c0df0e2a0,2656,3721,1428,2000,1.8599439775910365,1.8605,nominal scaling only; pixel alignment needs verification,downloaded
V_017,1006089,https://collections.library.yale.edu/iiif/2/1006089/full/full/0/default.jpg,data/source/yale_native/1006089.jpg,81fed5fa8e1b174ff1176899b76d08003148445bdc6f68f3c7f59f8c6729e841,2806,3797,1478,2000,1.89851150202977,1.8985,nominal scaling only; pixel alignment needs verification,downloaded
V_018,1006090,https://collections.library.yale.edu/iiif/2/1006090/full/full/0/default.jpg,data/source/yale_native/1006090.jpg,2dfbbfab02ca4220a7ad1ade4b6be69d0401df9a64762e3883ffa87640e07e7e,2660,3719,1430,2000,1.8601398601398602,1.8595,nominal scaling only; pixel alignment needs verification,downloaded
V_019,1006091,https://collections.library.yale.edu/iiif/2/1006091/full/full/0/default.jpg,data/source/yale_native/1006091.jpg,726c5a8de19709f2286423802e7d1e18f2c58cc558d5680e57a3377e9623ca1c,2791,3797,1470,2000,1.898639455782313,1.8985,nominal scaling only; pixel alignment needs verification,downloaded
V_020,1006092,https://collections.library.yale.edu/iiif/2/1006092/full/full/0/default.jpg,data/source/yale_native/1006092.jpg,a5f3a7b1a3f9c0e791a3365d801884c64d996749719d84ffb11f0f06fbb30925,2691,3737,1440,2000,1.86875,1.8685,nominal scaling only; pixel alignment needs verification,downloaded
V_021,1006093,https://collections.library.yale.edu/iiif/2/1006093/full/full/0/default.jpg,data/source/yale_native/1006093.jpg,790a7493a31133cf9375fb7471d1d1167df4988bcadeb74ea2528a0ba562e693,2812,3797,1481,2000,1.898717083051992,1.8985,nominal scaling only; pixel alignment needs verification,downloaded
V_022,1006094,https://collections.library.yale.edu/iiif/2/1006094/full/full/0/default.jpg,data/source/yale_native/1006094.jpg,8d8d5636691bae1be1ff908afad1388c25c53154e8808be572675ae8500c2ac5,2691,3739,1439,2000,1.8700486448922864,1.8695,nominal scaling only; pixel alignment needs verification,downloaded
V_023,1006095,https://collections.library.yale.edu/iiif/2/1006095/full/full/0/default.jpg,data/source/yale_native/1006095.jpg,5cff25a923f5e8173a2a8ad21ec247d7c9bd090ac379322d5dda4d17be916403,2839,3797,1495,2000,1.8989966555183946,1.8985,nominal scaling only; pixel alignment needs verification,downloaded
V_024,1006096,https://collections.library.yale.edu/iiif/2/1006096/full/full/0/default.jpg,data/source/yale_native/1006096.jpg,5307f28c9c4f65506ea6ce6c46182de03463afc0a5cdcb59ca67453a2f18f811,2672,3744,1427,2000,1.8724597056762438,1.872,nominal scaling only; pixel alignment needs verification,downloaded
V_025,1006097,https://collections.library.yale.edu/iiif/2/1006097/full/full/0/default.jpg,data/source/yale_native/1006097.jpg,896a5297fd4ac6a4ca215ae5e000ac8d6a50ea6063283a28b42ba1974d681d51,2825,3775,1497,2000,1.8871075484301938,1.8875,nominal scaling only; pixel alignment needs verification,downloaded
V_026,1006098,https://collections.library.yale.edu/iiif/2/1006098/full/full/0/default.jpg,data/source/yale_native/1006098.jpg,454eb5f05db936ed0cf729c3881af0ded0993bc116246c6c8fd0c2789f4e9833,2601,3723,1397,2000,1.86184681460272,1.8615,nominal scaling only; pixel alignment needs verification,downloaded
V_027,1006099,https://collections.library.yale.edu/iiif/2/1006099/full/full/0/default.jpg,data/source/yale_native/1006099.jpg,79ac3ff85ed178229cd4bafc6332c606684dd0eba37221758a7ec430c86544f0,2812,3770,1492,2000,1.8847184986595173,1.885,nominal scaling only; pixel alignment needs verification,downloaded
V_028,1006100,https://collections.library.yale.edu/iiif/2/1006100/full/full/0/default.jpg,data/source/yale_native/1006100.jpg,1c2b3a255fc01cb6db6f1c2e971ee93e6911ef1acc2ef0800a6a7eae2572945c,2662,3739,1424,2000,1.8693820224719102,1.8695,nominal scaling only; pixel alignment needs verification,downloaded
V_029,1006101,https://collections.library.yale.edu/iiif/2/1006101/full/full/0/default.jpg,data/source/yale_native/1006101.jpg,97dbdbe273597957d62db2cf3a6d9769a0121cba1d0bb682c8008a6d2de622a6,2812,3772,1491,2000,1.8859825620389001,1.886,nominal scaling only; pixel alignment needs verification,downloaded
V_030,1006102,https://collections.library.yale.edu/iiif/2/1006102/full/full/0/default.jpg,data/source/yale_native/1006102.jpg,94d811f32199d1a092ff7eedb50ef6b7d3e35fa609093a55cdd3937a056b0edf,2648,3729,1420,2000,1.8647887323943662,1.8645,nominal scaling only; pixel alignment needs verification,downloaded
V_031,1006103,https://collections.library.yale.edu/iiif/2/1006103/full/full/0/default.jpg,data/source/yale_native/1006103.jpg,d224773e2e39ef02719c25560e8072e6407bdea9f8d1bdf8da515adb5c2fc127,2835,3776,1502,2000,1.8874833555259654,1.888,nominal scaling only; pixel alignment needs verification,downloaded
V_032,1006104,https://collections.library.yale.edu/iiif/2/1006104/full/full/0/default.jpg,data/source/yale_native/1006104.jpg,1a7e9d3d9e6c647d73899317cf21c2967ded0e30517c5020e7c2093f6d99f265,2658,3758,1415,2000,1.8784452296819787,1.879,nominal scaling only; pixel alignment needs verification,downloaded
V_033,1006105,https://collections.library.yale.edu/iiif/2/1006105/full/full/0/default.jpg,data/source/yale_native/1006105.jpg,0001f9fb64430a47afa2c9dfa94e8eba1b6423ab0d3c3b9ae2a7c43e406d3a5e,2840,3793,1497,2000,1.897127588510354,1.8965,nominal scaling only; pixel alignment needs verification,downloaded
V_034,1006106,https://collections.library.yale.edu/iiif/2/1006106/full/full/0/default.jpg,data/source/yale_native/1006106.jpg,9ed091881b24f31504a5daa064c131f06b0bce10e8346f3dbe20de6cdaf2452f,2649,3743,1415,2000,1.8720848056537103,1.8715,nominal scaling only; pixel alignment needs verification,downloaded
V_035,1006107,https://collections.library.yale.edu/iiif/2/1006107/full/full/0/default.jpg,data/source/yale_native/1006107.jpg,61070cc9fb18d90711adcab577dee66e7e7958b6733dcddb0b484d01388979ec,2843,3775,1506,2000,1.8877822045152723,1.8875,nominal scaling only; pixel alignment needs verification,downloaded
V_036,1006108,https://collections.library.yale.edu/iiif/2/1006108/full/full/0/default.jpg,data/source/yale_native/1006108.jpg,01659aa94a6176b56c621f50c9cbe8c467836d6265a03d8edb1e97e236126e78,2649,3743,1415,2000,1.8720848056537103,1.8715,nominal scaling only; pixel alignment needs verification,downloaded
V_037,1006109,https://collections.library.yale.edu/iiif/2/1006109/full/full/0/default.jpg,data/source/yale_native/1006109.jpg,a0f14ccc11f76d832def734e32e33dccea82222e0b198ac3d73c93e8d1fcc47f,2846,3781,1505,2000,1.891029900332226,1.8905,nominal scaling only; pixel alignment needs verification,downloaded
V_038,1006110,https://collections.library.yale.edu/iiif/2/1006110/full/full/0/default.jpg,data/source/yale_native/1006110.jpg,c05e13bd154a93d77e2f601f11d9bd886fdf4524a49dbae0339b0bd864f7283c,2649,3743,1415,2000,1.8720848056537103,1.8715,nominal scaling only; pixel alignment needs verification,downloaded
V_039,1006111,https://collections.library.yale.edu/iiif/2/1006111/full/full/0/default.jpg,data/source/yale_native/1006111.jpg,7a64b4d65a273b4974ba51828e697f4053862975f826c13308421a1fcce0bcd3,2849,3769,1512,2000,1.8842592592592593,1.8845,nominal scaling only; pixel alignment needs verification,downloaded
V_040,1006112,https://collections.library.yale.edu/iiif/2/1006112/full/full/0/default.jpg,data/source/yale_native/1006112.jpg,2090ee8a14985ae1db08d465bb9229a7490620ac9f5c288118f3c37cc4c9398e,2649,3743,1415,2000,1.8720848056537103,1.8715,nominal scaling only; pixel alignment needs verification,downloaded
V_041,1006113,https://collections.library.yale.edu/iiif/2/1006113/full/full/0/default.jpg,data/source/yale_native/1006113.jpg,472ca57a0abf61ab000cd26c6065b007073a95a0cf662ff4cc7d4158c94b52b7,2849,3769,1512,2000,1.8842592592592593,1.8845,nominal scaling only; pixel alignment needs verification,downloaded
V_042,1006114,https://collections.library.yale.edu/iiif/2/1006114/full/full/0/default.jpg,data/source/yale_native/1006114.jpg,0d28a9ed56ad63a46a0fa8be769600b635ea6cd703989016f1d07308cc067c88,2649,3743,1415,2000,1.8720848056537103,1.8715,nominal scaling only; pixel alignment needs verification,downloaded
V_043,1006115,https://collections.library.yale.edu/iiif/2/1006115/full/full/0/default.jpg,data/source/yale_native/1006115.jpg,f10bf37a910e69fb8ea1f34d74b79522b6c7d0bebed77fe13ce40240f792ab53,2849,3769,1512,2000,1.8842592592592593,1.8845,nominal scaling only; pixel alignment needs verification,downloaded
V_044,1006116,https://collections.library.yale.edu/iiif/2/1006116/full/full/0/default.jpg,data/source/yale_native/1006116.jpg,7bfb7bf49850d6d8df30ebae5a1ea8adc7b27bb714cb0e24453724805bd72a3e,2649,3743,1415,2000,1.8720848056537103,1.8715,nominal scaling only; pixel alignment needs verification,downloaded
V_045,1006117,https://collections.library.yale.edu/iiif/2/1006117/full/full/0/default.jpg,data/source/yale_native/1006117.jpg,0243271c28759a1a45350cd058270a12ea131860652cf1a3f7c14e47fe4ed6b2,2849,3795,1501,2000,1.8980679546968688,1.8975,nominal scaling only; pixel alignment needs verification,downloaded
V_046,1006118,https://collections.library.yale.edu/iiif/2/1006118/full/full/0/default.jpg,data/source/yale_native/1006118.jpg,accaf5bdc2bcbbb97171d591f8352258329671eb68d095f4fe3f556979ff2e07,2650,3705,1430,2000,1.8531468531468531,1.8525,nominal scaling only; pixel alignment needs verification,downloaded
V_047,1006119,https://collections.library.yale.edu/iiif/2/1006119/full/full/0/default.jpg,data/source/yale_native/1006119.jpg,4ce0750cd5118df63ca35fe955dcf3add4160d2ddb5e2770e47bb9930e992fc3,2849,3780,1507,2000,1.8905109489051095,1.89,nominal scaling only; pixel alignment needs verification,downloaded
V_048,1006120,https://collections.library.yale.edu/iiif/2/1006120/full/full/0/default.jpg,data/source/yale_native/1006120.jpg,3700fe396154e836b0acd3da86aef1d307f9d2da773208e476ee9db2e80de9e6,2688,3719,1446,2000,1.8589211618257262,1.8595,nominal scaling only; pixel alignment needs verification,downloaded
V_049,1006121,https://collections.library.yale.edu/iiif/2/1006121/full/full/0/default.jpg,data/source/yale_native/1006121.jpg,0b814f58b56dff9351ae0d2f0db18a965fd6d67bb9f8302265b76f8ce5cd9f87,2864,3771,1519,2000,1.8854509545753786,1.8855,nominal scaling only; pixel alignment needs verification,downloaded
V_050,1006122,https://collections.library.yale.edu/iiif/2/1006122/full/full/0/default.jpg,data/source/yale_native/1006122.jpg,1089c404ba05823109860af916e7dba2833cf99b98834c1534f3c66fcfaad1a4,2709,3743,1448,2000,1.8708563535911602,1.8715,nominal scaling only; pixel alignment needs verification,downloaded
V_051,1006123,https://collections.library.yale.edu/iiif/2/1006123/full/full/0/default.jpg,data/source/yale_native/1006123.jpg,0f135a9525a84dfccf038a2221c7178dfbfb3b1a1fe4b6d0f62aeb6e8b655d73,2863,3769,1519,2000,1.8847926267281105,1.8845,nominal scaling only; pixel alignment needs verification,downloaded
V_052,1006124,https://collections.library.yale.edu/iiif/2/1006124/full/full/0/default.jpg,data/source/yale_native/1006124.jpg,a593efb741d70ec23ae25c3725dbf2c8e8b3f8d2392cea6eb06921ac5949a6db,2727,3743,1457,2000,1.8716540837336995,1.8715,nominal scaling only; pixel alignment needs verification,downloaded
V_053,1006125,https://collections.library.yale.edu/iiif/2/1006125/full/full/0/default.jpg,data/source/yale_native/1006125.jpg,3378e154f7ef8a45405cb008277aa1dc2229388c456cd3c66438bcca54d02c6b,2849,3769,1512,2000,1.8842592592592593,1.8845,nominal scaling only; pixel alignment needs verification,downloaded
V_054,1006126,https://collections.library.yale.edu/iiif/2/1006126/full/full/0/default.jpg,data/source/yale_native/1006126.jpg,978616e82efb3a452075ab98f7cde7351c373af0ecf668896c77af4f48abb9d5,2708,3743,1447,2000,1.871458189357291,1.8715,nominal scaling only; pixel alignment needs verification,downloaded
V_055,1006127,https://collections.library.yale.edu/iiif/2/1006127/full/full/0/default.jpg,data/source/yale_native/1006127.jpg,a84bedb17fc768a2e3c5e335b158c86cbef92636d010ef5811fa90b68951d608,2849,3769,1512,2000,1.8842592592592593,1.8845,nominal scaling only; pixel alignment needs verification,downloaded
V_056,1006128,https://collections.library.yale.edu/iiif/2/1006128/full/full/0/default.jpg,data/source/yale_native/1006128.jpg,b7c3fa283b7d2647e512dac6a665c5d37945e5aab8e21798292069ef26d67c04,2727,3743,1457,2000,1.8716540837336995,1.8715,nominal scaling only; pixel alignment needs verification,downloaded
V_057,1006129,https://collections.library.yale.edu/iiif/2/1006129/full/full/0/default.jpg,data/source/yale_native/1006129.jpg,2d325310e4ec264132340974cb71ec7f0cdb2f62820f97e644145dec72d84605,2885,3780,1526,2000,1.8905635648754915,1.89,nominal scaling only; pixel alignment needs verification,downloaded
V_058,1006130,https://collections.library.yale.edu/iiif/2/1006130/full/full/0/default.jpg,data/source/yale_native/1006130.jpg,ea8217a4cea6a3861e183a95e82d3e4ee3308aef8025bc2e9c9bce8a7a0c92d6,2718,3743,1452,2000,1.871900826446281,1.8715,nominal scaling only; pixel alignment needs verification,downloaded
V_059,1006131,https://collections.library.yale.edu/iiif/2/1006131/full/full/0/default.jpg,data/source/yale_native/1006131.jpg,1739f36ccfddb9121b2acec4faea712136aeeb4ad5fb2889ba5484549d791503,2876,3777,1523,2000,1.8883782009192382,1.8885,nominal scaling only; pixel alignment needs verification,downloaded
V_060,1006132,https://collections.library.yale.edu/iiif/2/1006132/full/full/0/default.jpg,data/source/yale_native/1006132.jpg,df1a0812c502a83e77529d664416c5fec91f23353fd83f75f9d40c12fceb03b6,2742,3743,1465,2000,1.8716723549488055,1.8715,nominal scaling only; pixel alignment needs verification,downloaded
V_061,1006133,https://collections.library.yale.edu/iiif/2/1006133/full/full/0/default.jpg,data/source/yale_native/1006133.jpg,d6eed32377c25b7c13b88e83cb6981a9d16b5dcbe3c433b7611c4e0105cb0035,2849,3769,1512,2000,1.8842592592592593,1.8845,nominal scaling only; pixel alignment needs verification,downloaded
V_062,1006134,https://collections.library.yale.edu/iiif/2/1006134/full/full/0/default.jpg,data/source/yale_native/1006134.jpg,3968b083d7346a556796d60e97a9ea66a4bb911fa1d085cfa046e9e0b37edc64,2717,3743,1452,2000,1.871212121212121,1.8715,nominal scaling only; pixel alignment needs verification,downloaded
V_063,1006135,https://collections.library.yale.edu/iiif/2/1006135/full/full/0/default.jpg,data/source/yale_native/1006135.jpg,666bd3a13edd196866270ff7d8034b8c65695139087cd4ae0da6fdfa31133921,2849,3769,1512,2000,1.8842592592592593,1.8845,nominal scaling only; pixel alignment needs verification,downloaded
V_064,1006136,https://collections.library.yale.edu/iiif/2/1006136/full/full/0/default.jpg,data/source/yale_native/1006136.jpg,fd6f925e17822b61b6339a768dff769f29b132ed6cb0ccb7efee616a1d4db26b,2734,3731,1466,2000,1.86493860845839,1.8655,nominal scaling only; pixel alignment needs verification,downloaded
V_065,1006137,https://collections.library.yale.edu/iiif/2/1006137/full/full/0/default.jpg,data/source/yale_native/1006137.jpg,e664856322574dcfb8bcf225a9d880ce28ab6d65bf6236e47624ae05c7d3764b,2849,3769,1512,2000,1.8842592592592593,1.8845,nominal scaling only; pixel alignment needs verification,downloaded
V_066,1006138,https://collections.library.yale.edu/iiif/2/1006138/full/full/0/default.jpg,data/source/yale_native/1006138.jpg,28e6d9f02b9ca96b85275b7c6dd6e94453d3a2f5c6038d9966933d0229da9e74,2766,3743,1478,2000,1.871447902571042,1.8715,nominal scaling only; pixel alignment needs verification,downloaded
V_067,1006139,https://collections.library.yale.edu/iiif/2/1006139/full/full/0/default.jpg,data/source/yale_native/1006139.jpg,41b148c40e9cf73c63044c5415d3c2bbeebffc20153a36762f35e8134da42941,2871,3769,1523,2000,1.8850952068286277,1.8845,nominal scaling only; pixel alignment needs verification,downloaded
V_068,1006140,https://collections.library.yale.edu/iiif/2/1006140/full/full/0/default.jpg,data/source/yale_native/1006140.jpg,4108828356258d68d2b53ef29d484f0648c269ecc4984781248e7803ba51e353,2777,3743,1484,2000,1.8712938005390836,1.8715,nominal scaling only; pixel alignment needs verification,downloaded
V_069,1006141,https://collections.library.yale.edu/iiif/2/1006141/full/full/0/default.jpg,data/source/yale_native/1006141.jpg,2f68183982075a405f7e2cc11ea06b76b263f80f20f01083279e7f03dcb4f78a,2881,3787,1522,2000,1.892904073587385,1.8935,nominal scaling only; pixel alignment needs verification,downloaded
V_070,1006142,https://collections.library.yale.edu/iiif/2/1006142/full/full/0/default.jpg,data/source/yale_native/1006142.jpg,d190cd19497ea5e59b702d3abaf8513b3b706b79f16cd24947b5615efa455d71,2793,3743,1492,2000,1.8719839142091153,1.8715,nominal scaling only; pixel alignment needs verification,downloaded
V_071,1006143,https://collections.library.yale.edu/iiif/2/1006143/full/full/0/default.jpg,data/source/yale_native/1006143.jpg,564412e99b04406f51afe2c8f9ab20320518b3e71b91deee48fb16ee1ad3ffbd,2853,3769,1514,2000,1.8844121532364597,1.8845,nominal scaling only; pixel alignment needs verification,downloaded
V_072,1006144,https://collections.library.yale.edu/iiif/2/1006144/full/full/0/default.jpg,data/source/yale_native/1006144.jpg,807e9b5aa1ea72b90c39f71c5ae1cfa4aa0c303b4dd889340c2814f1cff62da2,2793,3743,1492,2000,1.8719839142091153,1.8715,nominal scaling only; pixel alignment needs verification,downloaded
V_073,1006145,https://collections.library.yale.edu/iiif/2/1006145/full/full/0/default.jpg,data/source/yale_native/1006145.jpg,fbbf69e740ae7a922f7e4f6cff836004827df15ab917eb6bcc43430a5c89edc2,2849,3769,1512,2000,1.8842592592592593,1.8845,nominal scaling only; pixel alignment needs verification,downloaded
V_074,1006146,https://collections.library.yale.edu/iiif/2/1006146/full/full/0/default.jpg,data/source/yale_native/1006146.jpg,4daf7373cfed96fcd9e3d6cb6a9a50cf413e27cc93cf507fee17bee93d8f6d28,2793,3743,1492,2000,1.8719839142091153,1.8715,nominal scaling only; pixel alignment needs verification,downloaded
V_075,1006147,https://collections.library.yale.edu/iiif/2/1006147/full/full/0/default.jpg,data/source/yale_native/1006147.jpg,56d2086b7ce7a126a494d472276b0f5fe025775604a9afd55e5bd8e2ef6f8649,2882,3769,1529,2000,1.8848920863309353,1.8845,nominal scaling only; pixel alignment needs verification,downloaded
V_076,1006148,https://collections.library.yale.edu/iiif/2/1006148/full/full/0/default.jpg,data/source/yale_native/1006148.jpg,9e4ea17ac6b9b184dae0a423bea8feab3eab48eb203dddcf786b3201e6e76b2a,2793,3743,1492,2000,1.8719839142091153,1.8715,nominal scaling only; pixel alignment needs verification,downloaded
V_077,1006149,https://collections.library.yale.edu/iiif/2/1006149/full/full/0/default.jpg,data/source/yale_native/1006149.jpg,4a24360ad6ad267cbc3f8cc3b50a5b84e332b8d2bb655e85683e8b5de2768161,2882,3769,1529,2000,1.8848920863309353,1.8845,nominal scaling only; pixel alignment needs verification,downloaded
V_078,1006150,https://collections.library.yale.edu/iiif/2/1006150/full/full/0/default.jpg,data/source/yale_native/1006150.jpg,c86b9bc0182e1385136465d92ce9c43f31320bfab55d7b2e87e1ea81a7330bf0,2793,3743,1492,2000,1.8719839142091153,1.8715,nominal scaling only; pixel alignment needs verification,downloaded
V_079,1006151,https://collections.library.yale.edu/iiif/2/1006151/full/full/0/default.jpg,data/source/yale_native/1006151.jpg,13cafc785fd69c7471bc670480becc6338cf20682e1d196c2ef14f03abee8586,2882,3769,1529,2000,1.8848920863309353,1.8845,nominal scaling only; pixel alignment needs verification,downloaded
V_080,1006152,https://collections.library.yale.edu/iiif/2/1006152/full/full/0/default.jpg,data/source/yale_native/1006152.jpg,540cff9e3a031c5de5ba9d5c7e388cd50980b0d225a1f89b97bda2c6f0de60b7,2793,3734,1496,2000,1.8669786096256684,1.867,nominal scaling only; pixel alignment needs verification,downloaded
V_081,1006153,https://collections.library.yale.edu/iiif/2/1006153/full/full/0/default.jpg,data/source/yale_native/1006153.jpg,bce0c42319b096126ad9fe0558ecfb8a61335867cbd1869e0865eaacf54c1087,2882,3769,1529,2000,1.8848920863309353,1.8845,nominal scaling only; pixel alignment needs verification,downloaded
V_082,1006154,https://collections.library.yale.edu/iiif/2/1006154/full/full/0/default.jpg,data/source/yale_native/1006154.jpg,7631b874dbb3e2f48ade864485a0210cb207f2c7878181e458582beba86877ba,2840,3743,1517,2000,1.8721160184574819,1.8715,nominal scaling only; pixel alignment needs verification,downloaded
V_083,1006155,https://collections.library.yale.edu/iiif/2/1006155/full/full/0/default.jpg,data/source/yale_native/1006155.jpg,bc753d5f30cfcbd5ad6479bb16205652d55b94da16fcbba1d78574674e3743ea,2882,3769,1529,2000,1.8848920863309353,1.8845,nominal scaling only; pixel alignment needs verification,downloaded
V_084,1006156,https://collections.library.yale.edu/iiif/2/1006156/full/full/0/default.jpg,data/source/yale_native/1006156.jpg,5e86508e3ecdb425b791fdcba0305f51cdf9a78182d082055a3da0b55012660a,2843,3743,1519,2000,1.8716260697827518,1.8715,nominal scaling only; pixel alignment needs verification,downloaded
V_085,1006157,https://collections.library.yale.edu/iiif/2/1006157/full/full/0/default.jpg,data/source/yale_native/1006157.jpg,bd2a7f2bbaf4c789d51f239248d81c151f4fc1c9f5ab6f51c148646a9d301f66,2882,3769,1529,2000,1.8848920863309353,1.8845,nominal scaling only; pixel alignment needs verification,downloaded
V_086,1006158,https://collections.library.yale.edu/iiif/2/1006158/full/full/0/default.jpg,data/source/yale_native/1006158.jpg,cf92565c8f400c987e59359d77c297fc52afc2f6996bd60e5421cbc1074a4bd2,2837,3751,1513,2000,1.8750826173165895,1.8755,nominal scaling only; pixel alignment needs verification,downloaded
V_087,1006159,https://collections.library.yale.edu/iiif/2/1006159/full/full/0/default.jpg,data/source/yale_native/1006159.jpg,13c816595b0ec2ae3ed702ff1b17fe1b3756faec0dbc51ca95ca04873206c133,2882,3769,1529,2000,1.8848920863309353,1.8845,nominal scaling only; pixel alignment needs verification,downloaded
V_088,1006160,https://collections.library.yale.edu/iiif/2/1006160/full/full/0/default.jpg,data/source/yale_native/1006160.jpg,f9cd059bb34057bf9635a1d1443cafd3b358cdb64ec0c5e1ff73bfc091da0eb3,2799,3728,1502,2000,1.863515312916112,1.864,nominal scaling only; pixel alignment needs verification,downloaded
V_089,1006161,https://collections.library.yale.edu/iiif/2/1006161/full/full/0/default.jpg,data/source/yale_native/1006161.jpg,dd57f4055f9c933913cf550f76b2786cdeeeeea74fd9641c55f148903e4cd3db,2882,3769,1529,2000,1.8848920863309353,1.8845,nominal scaling only; pixel alignment needs verification,downloaded
V_090,1006162,https://collections.library.yale.edu/iiif/2/1006162/full/full/0/default.jpg,data/source/yale_native/1006162.jpg,32afa9bda4154db2e3236081b0d7603dfc34bf11b1844a5084881b764dafe4f8,2823,3706,1523,2000,1.8535784635587655,1.853,nominal scaling only; pixel alignment needs verification,downloaded
V_091,1006163,https://collections.library.yale.edu/iiif/2/1006163/full/full/0/default.jpg,data/source/yale_native/1006163.jpg,f49fcf1b8abb327483cdf272104a0dc628f31394a413908c866eb0094bd2d224,2900,3769,1539,2000,1.8843404808317088,1.8845,nominal scaling only; pixel alignment needs verification,downloaded
V_092,1006164,https://collections.library.yale.edu/iiif/2/1006164/full/full/0/default.jpg,data/source/yale_native/1006164.jpg,bc11de34e89d67f2b61c63473c3273256aa45d3d6beac4195c95625c07422740,2865,3719,1541,2000,1.8591823491239454,1.8595,nominal scaling only; pixel alignment needs verification,downloaded
V_093,1006165,https://collections.library.yale.edu/iiif/2/1006165/full/full/0/default.jpg,data/source/yale_native/1006165.jpg,bee511bff7d50d8ef83a70b598e1c2d8733cd1e6ad72b070f7fbd4e2171cb0ec,2938,3769,1559,2000,1.8845413726747915,1.8845,nominal scaling only; pixel alignment needs verification,downloaded
V_094,1006166,https://collections.library.yale.edu/iiif/2/1006166/full/full/0/default.jpg,data/source/yale_native/1006166.jpg,5a0a7f262b1fbccb44cd7e6ae69097476b92ff38f4124a50532a79e4f2619033,2826,3716,1521,2000,1.8579881656804733,1.858,nominal scaling only; pixel alignment needs verification,downloaded
V_095,1006167,https://collections.library.yale.edu/iiif/2/1006167/full/full/0/default.jpg,data/source/yale_native/1006167.jpg,bcdae68e9bf1f172ad100b598b3189a2eff85cb7b67a151f7bb4a44f1f56f94e,2932,3769,1556,2000,1.8843187660668381,1.8845,nominal scaling only; pixel alignment needs verification,downloaded
V_096,1006168,https://collections.library.yale.edu/iiif/2/1006168/full/full/0/default.jpg,data/source/yale_native/1006168.jpg,f34ccbd6fbb72b5a469ca16b1b07ded862be76e01e0dcf9133940ffdd10c672e,2859,3719,1538,2000,1.8589076723016904,1.8595,nominal scaling only; pixel alignment needs verification,downloaded
V_097,1006169,https://collections.library.yale.edu/iiif/2/1006169/full/full/0/default.jpg,data/source/yale_native/1006169.jpg,c0ecc85912878c5c27ad64d560dd088e703ea95e68a87aaecb112a4aabcbe516,2950,3769,1565,2000,1.8849840255591055,1.8845,nominal scaling only; pixel alignment needs verification,downloaded
V_098,1006170,https://collections.library.yale.edu/iiif/2/1006170/full/full/0/default.jpg,data/source/yale_native/1006170.jpg,c125a5ffc5121e31e07dbaebd4515d6375e2f71feff312690dc943e62e0d8d56,2837,3762,1508,2000,1.8812997347480107,1.881,nominal scaling only; pixel alignment needs verification,downloaded
V_099,1006171,https://collections.library.yale.edu/iiif/2/1006171/full/full/0/default.jpg,data/source/yale_native/1006171.jpg,3c03e0e8b3d3e75f93ba7a7619a029b7ffbe33d7243f32222ad59ac7555dfd96,2935,3769,1557,2000,1.8850353243416826,1.8845,nominal scaling only; pixel alignment needs verification,downloaded
V_100,1006172,https://collections.library.yale.edu/iiif/2/1006172/full/full/0/default.jpg,data/source/yale_native/1006172.jpg,a48565bbb583e5b9564f7ad0754d1cbe5802a9d8af48e64825434ad1b05ad70d,2840,3751,1514,2000,1.8758256274768825,1.8755,nominal scaling only; pixel alignment needs verification,downloaded
V_101,1006173,https://collections.library.yale.edu/iiif/2/1006173/full/full/0/default.jpg,data/source/yale_native/1006173.jpg,bbd4d60e069704fdfe91394ac07387022341c6cf08eb7d6d2160a34ea5b7677d,2942,3769,1561,2000,1.8846893017296604,1.8845,nominal scaling only; pixel alignment needs verification,downloaded
V_102,1006174,https://collections.library.yale.edu/iiif/2/1006174/full/full/0/default.jpg,data/source/yale_native/1006174.jpg,d3335f9fe15abe0d4473e881f411f658fe7a4db70fcb03c13dad8a2f49cf6cc1,2835,3764,1506,2000,1.8824701195219125,1.882,nominal scaling only; pixel alignment needs verification,downloaded
V_103,1006175,https://collections.library.yale.edu/iiif/2/1006175/full/full/0/default.jpg,data/source/yale_native/1006175.jpg,7e794abb1dfddce9f2cee013a7f1aaec880b86e884ae17298354863b0108734e,2927,3769,1553,2000,1.884739214423696,1.8845,nominal scaling only; pixel alignment needs verification,downloaded
V_104,1006176,https://collections.library.yale.edu/iiif/2/1006176/full/full/0/default.jpg,data/source/yale_native/1006176.jpg,002748147666ab2ec1d81be186248a7a9b58e001a8b61a53498b8d7f49193206,2826,3757,1504,2000,1.8789893617021276,1.8785,nominal scaling only; pixel alignment needs verification,downloaded
V_105,1006177,https://collections.library.yale.edu/iiif/2/1006177/full/full/0/default.jpg,data/source/yale_native/1006177.jpg,9792c5070fa339a220781439d0b8864d48b2e2dc071cd051b24e501d565ddb39,2935,3769,1557,2000,1.8850353243416826,1.8845,nominal scaling only; pixel alignment needs verification,downloaded
V_106,1006178,https://collections.library.yale.edu/iiif/2/1006178/full/full/0/default.jpg,data/source/yale_native/1006178.jpg,a415de024d9cf57a8a607c764d9a8d038803dcaabda8a77f7325645fa0c73f89,2793,3707,1507,2000,1.8533510285335102,1.8535,nominal scaling only; pixel alignment needs verification,downloaded
V_107,1006179,https://collections.library.yale.edu/iiif/2/1006179/full/full/0/default.jpg,data/source/yale_native/1006179.jpg,717481f74b5552c603f38ec3b2ae4de2f447320e18d3aaf368a8ccd211e1df11,2940,3769,1560,2000,1.8846153846153846,1.8845,nominal scaling only; pixel alignment needs verification,downloaded
V_108,1006180,https://collections.library.yale.edu/iiif/2/1006180/full/full/0/default.jpg,data/source/yale_native/1006180.jpg,471b393530cf2f80116e8bcfb9712b43e991db175b919e594a1587cca21f2eaa,2793,3718,1502,2000,1.859520639147803,1.859,nominal scaling only; pixel alignment needs verification,downloaded
V_109,1006181,https://collections.library.yale.edu/iiif/2/1006181/full/full/0/default.jpg,data/source/yale_native/1006181.jpg,97c02cfada6ad1c2450bdac0e345cddc4d4788570813b84ac65ccdcd360dbc13,2999,3769,1591,2000,1.884978001257071,1.8845,nominal scaling only; pixel alignment needs verification,downloaded
V_110,1006182,https://collections.library.yale.edu/iiif/2/1006182/full/full/0/default.jpg,data/source/yale_native/1006182.jpg,24e4b496a7e198a6bcd8d98044112d45418c157f2f2a54fdf997e01de6d53126,2793,3738,1494,2000,1.8694779116465863,1.869,nominal scaling only; pixel alignment needs verification,downloaded
V_111,1006183,https://collections.library.yale.edu/iiif/2/1006183/full/full/0/default.jpg,data/source/yale_native/1006183.jpg,0e9b1dac025cad189bc7258f41fb8cafc6fcff70f9c4e5bb4f85c9bb79ad5a80,2979,3769,1581,2000,1.8842504743833017,1.8845,nominal scaling only; pixel alignment needs verification,downloaded
V_112,1006184,https://collections.library.yale.edu/iiif/2/1006184/full/full/0/default.jpg,data/source/yale_native/1006184.jpg,d81272aa14671b1b6672fe7556c15ac177c734685d9ef7448237a2cc08dc899d,2793,3707,1507,2000,1.8533510285335102,1.8535,nominal scaling only; pixel alignment needs verification,downloaded
V_113,1006185,https://collections.library.yale.edu/iiif/2/1006185/full/full/0/default.jpg,data/source/yale_native/1006185.jpg,d92ba733bf53dc49e8d81df2d1873d5f36c52f98cf67292ea43e66a844a61cc9,2979,3769,1581,2000,1.8842504743833017,1.8845,nominal scaling only; pixel alignment needs verification,downloaded
V_114,1006186,https://collections.library.yale.edu/iiif/2/1006186/full/full/0/default.jpg,data/source/yale_native/1006186.jpg,473727b2ea1dd000a4a15eaa57302a48c410d4f6e670abdd607cd7c7461ff98c,2823,3733,1512,2000,1.867063492063492,1.8665,nominal scaling only; pixel alignment needs verification,downloaded
V_115,1006187,https://collections.library.yale.edu/iiif/2/1006187/full/full/0/default.jpg,data/source/yale_native/1006187.jpg,2bf46dbeaaaab4a97075f46f503582da0eef2b352eb92277d7a3b6db1a3a0b8c,3028,3769,1607,2000,1.8842563783447417,1.8845,nominal scaling only; pixel alignment needs verification,downloaded
V_116,1006188,https://collections.library.yale.edu/iiif/2/1006188/full/full/0/default.jpg,data/source/yale_native/1006188.jpg,2897cf3214d13176c9d708a9f4f9030752a50922271ade7286c0c2cd73b811fd,2793,3749,1490,2000,1.874496644295302,1.8745,nominal scaling only; pixel alignment needs verification,downloaded
V_117,1006189,https://collections.library.yale.edu/iiif/2/1006189/full/full/0/default.jpg,data/source/yale_native/1006189.jpg,7319cd29982e6ac56192d02b8546a4b65aace9f2e65f3c782a1c019a94d3b3fc,2986,3769,1585,2000,1.8839116719242903,1.8845,nominal scaling only; pixel alignment needs verification,downloaded
V_118,1006190,https://collections.library.yale.edu/iiif/2/1006190/full/full/0/default.jpg,data/source/yale_native/1006190.jpg,dc7a0c45454665f33287804ec56f8eaa952a691540fc6fd434e79d75c7ce597f,2793,3707,1507,2000,1.8533510285335102,1.8535,nominal scaling only; pixel alignment needs verification,downloaded
V_119,1006191,https://collections.library.yale.edu/iiif/2/1006191/full/full/0/default.jpg,data/source/yale_native/1006191.jpg,d3ebd8bfcf12a0a98f9ecc96ee345e82c7cc15d5c786c93c63ccd2f923ea1714,3010,3769,1597,2000,1.8847839699436444,1.8845,nominal scaling only; pixel alignment needs verification,downloaded
V_120,1006192,https://collections.library.yale.edu/iiif/2/1006192/full/full/0/default.jpg,data/source/yale_native/1006192.jpg,47d6a239bb7dbdc8d5e1a2238f2e10cf533d8abb409338017761bd3aed0a7554,2793,3707,1507,2000,1.8533510285335102,1.8535,nominal scaling only; pixel alignment needs verification,downloaded
V_121,1006193,https://collections.library.yale.edu/iiif/2/1006193/full/full/0/default.jpg,data/source/yale_native/1006193.jpg,8304c6ba3605207c67f4f843974e60e947b423f21255a06656d6af3055fa53ce,2997,3769,1590,2000,1.8849056603773584,1.8845,nominal scaling only; pixel alignment needs verification,downloaded
V_122,1006194,https://collections.library.yale.edu/iiif/2/1006194/full/full/0/default.jpg,data/source/yale_native/1006194.jpg,0518312a566ee713a46c9887d8b8b9d7141d14095e360661789c1dad9b5c0d1c,4972,3738,2000,1504,2.486,2.485372340425532,nominal scaling only; pixel alignment needs verification,downloaded
V_123,1006195,https://collections.library.yale.edu/iiif/2/1006195/full/full/0/default.jpg,data/source/yale_native/1006195.jpg,4799e8ebd8d968ea28dae919cfb86065566662b4e77c8b429d12e3e6e685638b,5059,3753,2000,1484,2.5295,2.528975741239892,nominal scaling only; pixel alignment needs verification,downloaded
V_124,1006196,https://collections.library.yale.edu/iiif/2/1006196/full/full/0/default.jpg,data/source/yale_native/1006196.jpg,4b0f31d1e08b8f026886aa599232b7dfcd33417b1eef43a44e619c3ebd21faa5,7993,3828,2000,958,3.9965,3.9958246346555324,nominal scaling only; pixel alignment needs verification,downloaded
V_125,1006197,https://collections.library.yale.edu/iiif/2/1006197/full/full/0/default.jpg,data/source/yale_native/1006197.jpg,06d33798cd4f901771b9869078d3f29f7e7ef5a490a9abc6dd09f3a3adec867f,8135,3843,2000,944,4.0675,4.070974576271187,nominal scaling only; pixel alignment needs verification,downloaded
V_126,1006198,https://collections.library.yale.edu/iiif/2/1006198/full/full/0/default.jpg,data/source/yale_native/1006198.jpg,b830e74480830c0d5e8f7b56025473e051743f9ec50685b6fe316ecd493f0f01,2793,3763,1484,2000,1.8820754716981132,1.8815,nominal scaling only; pixel alignment needs verification,downloaded
V_127,1006199,https://collections.library.yale.edu/iiif/2/1006199/full/full/0/default.jpg,data/source/yale_native/1006199.jpg,709419c3c6861c216b1746261884e08a38f1b5a2b052ad129e78cdd73697b5e9,8886,3876,2000,873,4.443,4.439862542955327,nominal scaling only; pixel alignment needs verification,downloaded
V_128,1006200,https://collections.library.yale.edu/iiif/2/1006200/full/full/0/default.jpg,data/source/yale_native/1006200.jpg,062ff6a9f14d0c16eb12dc8f6dc480771b7c19746ebdb20302b998e66181ccea,3945,3772,2000,1912,1.9725,1.9728033472803348,nominal scaling only; pixel alignment needs verification,downloaded
V_129,1006201,https://collections.library.yale.edu/iiif/2/1006201/full/full/0/default.jpg,data/source/yale_native/1006201.jpg,c8f24b6be5451aba49eb793784c43cb7fc8341dca8a58ff43fc1eebf4877b60c,2979,3700,1610,2000,1.8503105590062112,1.85,nominal scaling only; pixel alignment needs verification,downloaded
V_130,1006202,https://collections.library.yale.edu/iiif/2/1006202/full/full/0/default.jpg,data/source/yale_native/1006202.jpg,6405841a75a8fa24dd9e5c93ad090ee56bf26c77757f3b1634487e27b509e61b,2793,3762,1485,2000,1.8808080808080807,1.881,nominal scaling only; pixel alignment needs verification,downloaded
V_131,1006203,https://collections.library.yale.edu/iiif/2/1006203/full/full/0/default.jpg,data/source/yale_native/1006203.jpg,45f7caf4b58744fdcd4928887661b56a135538a5a40a24fea6ca6c5239898269,8865,3018,2000,681,4.4325,4.431718061674009,nominal scaling only; pixel alignment needs verification,downloaded
V_132,1006204,https://collections.library.yale.edu/iiif/2/1006204/full/full/0/default.jpg,data/source/yale_native/1006204.jpg,2552b2eafb7948d182e52ec49e96a5d92a774917924aea594fb1ac3af3bfcdc5,5976,3794,2000,1270,2.988,2.9874015748031497,nominal scaling only; pixel alignment needs verification,downloaded
V_133,1006205,https://collections.library.yale.edu/iiif/2/1006205/full/full/0/default.jpg,data/source/yale_native/1006205.jpg,c0ac0dbc3e4b4a6eb2b8edf26dc762a7f9bf26ac9c385fa6bdc770725622b1e7,2979,3712,1605,2000,1.8560747663551402,1.856,nominal scaling only; pixel alignment needs verification,downloaded
V_134,1006206,https://collections.library.yale.edu/iiif/2/1006206/full/full/0/default.jpg,data/source/yale_native/1006206.jpg,5bc8e07dbd61cc1f218cfc4449cd527be118aa7884878ec4c8e568e9c2d89bad,2834,3761,1507,2000,1.880557398805574,1.8805,nominal scaling only; pixel alignment needs verification,downloaded
V_135,1006207,https://collections.library.yale.edu/iiif/2/1006207/full/full/0/default.jpg,data/source/yale_native/1006207.jpg,4227e5261bb5986e605ddb4f58fa1526640955d778c06916a1c34734bb431141,2979,3724,1600,2000,1.861875,1.862,nominal scaling only; pixel alignment needs verification,downloaded
V_136,1006208,https://collections.library.yale.edu/iiif/2/1006208/full/full/0/default.jpg,data/source/yale_native/1006208.jpg,6fd33917722a97ef0c93f905885963332645c1a1c81f60f03a165b12007a7fc3,2852,3759,1517,2000,1.8800263678312459,1.8795,nominal scaling only; pixel alignment needs verification,downloaded
V_137,1006209,https://collections.library.yale.edu/iiif/2/1006209/full/full/0/default.jpg,data/source/yale_native/1006209.jpg,654edf15a65d1a2bb0d7bb4995f8f6fba1625d5eed847c9b6969d1c44e385a23,2868,3735,1536,2000,1.8671875,1.8675,nominal scaling only; pixel alignment needs verification,downloaded
V_138,1006210,https://collections.library.yale.edu/iiif/2/1006210/full/full/0/default.jpg,data/source/yale_native/1006210.jpg,39d264ab4e6fbb9cad1de45b7efedb6f4b9cb497cb587214926fcbaf6590ec68,2793,3769,1482,2000,1.8846153846153846,1.8845,nominal scaling only; pixel alignment needs verification,downloaded
V_139,1006211,https://collections.library.yale.edu/iiif/2/1006211/full/full/0/default.jpg,data/source/yale_native/1006211.jpg,affdb2ff70e84ae277d3d30d18b3a468bd4eded393f70514978ad8b0c48df49e,2823,3712,1521,2000,1.856015779092702,1.856,nominal scaling only; pixel alignment needs verification,downloaded
V_140,1006212,https://collections.library.yale.edu/iiif/2/1006212/full/full/0/default.jpg,data/source/yale_native/1006212.jpg,9ad387ccea37cd8a25ce9602817eb19af5105c545a238203715efe454e5b24ad,2793,3752,1489,2000,1.8757555406312962,1.876,nominal scaling only; pixel alignment needs verification,downloaded
V_141,1006213,https://collections.library.yale.edu/iiif/2/1006213/full/full/0/default.jpg,data/source/yale_native/1006213.jpg,e2e2f629753bfe6a9c111d8157ac63cfc4524966cbf367ddaaffece07cffdab2,2861,3697,1548,2000,1.8481912144702843,1.8485,nominal scaling only; pixel alignment needs verification,downloaded
V_142,1006214,https://collections.library.yale.edu/iiif/2/1006214/full/full/0/default.jpg,data/source/yale_native/1006214.jpg,0054f691ac8fddcac324fba6b385f8ad578cd0f2f9879d5498a325bab0310893,2793,3761,1485,2000,1.8808080808080807,1.8805,nominal scaling only; pixel alignment needs verification,downloaded
V_143,1006215,https://collections.library.yale.edu/iiif/2/1006215/full/full/0/default.jpg,data/source/yale_native/1006215.jpg,9c574f3a564cc55252633174784745a075689be93a9c7249f381f71434f282e0,2841,3706,1533,2000,1.8532289628180039,1.853,nominal scaling only; pixel alignment needs verification,downloaded
V_144,1006216,https://collections.library.yale.edu/iiif/2/1006216/full/full/0/default.jpg,data/source/yale_native/1006216.jpg,a0f51d21267270b55ac69fc947a4a3443e2a32fc263b162c51a27ad9745eb979,2784,3755,1483,2000,1.8772757923128793,1.8775,nominal scaling only; pixel alignment needs verification,downloaded
V_145,1006217,https://collections.library.yale.edu/iiif/2/1006217/full/full/0/default.jpg,data/source/yale_native/1006217.jpg,81d647bbc752211d5bf671f7791c59fc8dceaa60e20e7f7a075319b44ed879c1,2811,3714,1514,2000,1.85667107001321,1.857,nominal scaling only; pixel alignment needs verification,downloaded
V_146,1006218,https://collections.library.yale.edu/iiif/2/1006218/full/full/0/default.jpg,data/source/yale_native/1006218.jpg,81223a0b0aa0a24fe821cf62a9bdf4ac504f222ab3cfcb89fcedd7946bceada0,2793,3733,1496,2000,1.8669786096256684,1.8665,nominal scaling only; pixel alignment needs verification,downloaded
V_147,1006219,https://collections.library.yale.edu/iiif/2/1006219/full/full/0/default.jpg,data/source/yale_native/1006219.jpg,29c94fba8ec872eb71faab93fc4a02e09cd4ef31d1b9001bd44f011d141cfb0b,2837,3712,1529,2000,1.855461085676913,1.856,nominal scaling only; pixel alignment needs verification,downloaded
V_148,1006220,https://collections.library.yale.edu/iiif/2/1006220/full/full/0/default.jpg,data/source/yale_native/1006220.jpg,e5e83f606eb9c3089051035f53ea694bcb1dadb5a93ee0064019c903ec6802fe,2776,3737,1486,2000,1.8681022880215343,1.8685,nominal scaling only; pixel alignment needs verification,downloaded
V_149,1006221,https://collections.library.yale.edu/iiif/2/1006221/full/full/0/default.jpg,data/source/yale_native/1006221.jpg,bb1a2316e7fc2966f5761f591d79339c75dcfbc6c2c9ab2b88a37e800266d4bf,2835,3705,1530,2000,1.8529411764705883,1.8525,nominal scaling only; pixel alignment needs verification,downloaded
V_150,1006222,https://collections.library.yale.edu/iiif/2/1006222/full/full/0/default.jpg,data/source/yale_native/1006222.jpg,269cb42307824ab82764f80009429e58d98c649371d8efe10d2a1f54132a21ef,2753,3745,1470,2000,1.8727891156462586,1.8725,nominal scaling only; pixel alignment needs verification,downloaded
V_151,1006223,https://collections.library.yale.edu/iiif/2/1006223/full/full/0/default.jpg,data/source/yale_native/1006223.jpg,4c86853e2d6e62690ec0106dcc3812c95f009022b06e7edfd347386728003142,2821,3709,1521,2000,1.8547008547008548,1.8545,nominal scaling only; pixel alignment needs verification,downloaded
V_152,1006224,https://collections.library.yale.edu/iiif/2/1006224/full/full/0/default.jpg,data/source/yale_native/1006224.jpg,dc353557586906cbe4210f503cc57af58599a3948517fb45b1d222760be96729,2753,3745,1470,2000,1.8727891156462586,1.8725,nominal scaling only; pixel alignment needs verification,downloaded
V_153,1006225,https://collections.library.yale.edu/iiif/2/1006225/full/full/0/default.jpg,data/source/yale_native/1006225.jpg,dc4610b14efc89e3eded3b887b28b95f8c98a07adb4bed6d83a10e37daf0c7e9,2858,3693,1548,2000,1.8462532299741603,1.8465,nominal scaling only; pixel alignment needs verification,downloaded
V_154,1006226,https://collections.library.yale.edu/iiif/2/1006226/full/full/0/default.jpg,data/source/yale_native/1006226.jpg,7e8fa7c29b6c6ab462ad5359bdabfcd60505622700f6e5cb18478d20cbd79fbe,2753,3745,1470,2000,1.8727891156462586,1.8725,nominal scaling only; pixel alignment needs verification,downloaded
V_155,1006227,https://collections.library.yale.edu/iiif/2/1006227/full/full/0/default.jpg,data/source/yale_native/1006227.jpg,e47d19f00b8c50c3216c4e48106c0b229c61091b403f52bb084bf89fa9fe5f6f,2838,3697,1535,2000,1.8488599348534203,1.8485,nominal scaling only; pixel alignment needs verification,downloaded
V_156,1006228,https://collections.library.yale.edu/iiif/2/1006228/full/full/0/default.jpg,data/source/yale_native/1006228.jpg,630363719d71b356384a71aaded860df772fd23ad28dd8e6dc2db9901b6e08a1,2775,3745,1482,2000,1.8724696356275303,1.8725,nominal scaling only; pixel alignment needs verification,downloaded
V_157,1006229,https://collections.library.yale.edu/iiif/2/1006229/full/full/0/default.jpg,data/source/yale_native/1006229.jpg,dde619e85e35601b9206051389873f6cb092a17f04a8fcd02b32fe3961ea37ce,7754,3890,2000,1003,3.877,3.8783649052841476,nominal scaling only; pixel alignment needs verification,downloaded
V_158,1006230,https://collections.library.yale.edu/iiif/2/1006230/full/full/0/default.jpg,data/source/yale_native/1006230.jpg,4c5f7642e7da2be07242968faa92a2d0bb1cb88e8589d30f5d2acbfc3cc7e0be,4897,3788,2000,1547,2.4485,2.448610213316096,nominal scaling only; pixel alignment needs verification,downloaded
V_159,1006231,https://collections.library.yale.edu/iiif/2/1006231/full/full/0/default.jpg,data/source/yale_native/1006231.jpg,4b08afeee514691b0a511099ca299aed544d6fd1782b7dee8df163dfc06354ed,7925,7268,2000,1834,3.9625,3.9629225736095965,nominal scaling only; pixel alignment needs verification,downloaded
V_160,1006232,https://collections.library.yale.edu/iiif/2/1006232/full/full/0/default.jpg,data/source/yale_native/1006232.jpg,eb9c7020f670d4d9070a4d37130db9e250b9b4ecf33ab34ffb0596512fa53a6c,2753,3745,1470,2000,1.8727891156462586,1.8725,nominal scaling only; pixel alignment needs verification,downloaded
V_161,1043429,https://collections.library.yale.edu/iiif/2/1043429/full/full/0/default.jpg,data/source/yale_native/1043429.jpg,3bac9e01c7bd848fa947b4877d1166f8e9f38822c7bd209e9574a88f6cb181c0,2893,3697,1565,2000,1.8485623003194889,1.8485,nominal scaling only; pixel alignment needs verification,downloaded
V_162,1037112,https://collections.library.yale.edu/iiif/2/1037112/full/full/0/default.jpg,data/source/yale_native/1037112.jpg,a1d21ccad0df430b47f3b3df2829bbefb8c4d1644cb70310e6d1de4b01c20013,2714,3735,1453,2000,1.8678596008258774,1.8675,nominal scaling only; pixel alignment needs verification,downloaded
V_163,1006233,https://collections.library.yale.edu/iiif/2/1006233/full/full/0/default.jpg,data/source/yale_native/1006233.jpg,3b553c70d0c068cb39a276d391127165c5d9d868ec08e7f5eb2e73b32bb95d1e,9078,3777,2000,832,4.539,4.539663461538462,nominal scaling only; pixel alignment needs verification,downloaded
V_164,1006234,https://collections.library.yale.edu/iiif/2/1006234/full/full/0/default.jpg,data/source/yale_native/1006234.jpg,b6b0dd8ba7cd316f3b09a8b156d1eed0eb36ad8ec9086b975969f4f8f7dd5406,4204,3809,2000,1812,2.102,2.1020971302428255,nominal scaling only; pixel alignment needs verification,downloaded
V_165,1006235,https://collections.library.yale.edu/iiif/2/1006235/full/full/0/default.jpg,data/source/yale_native/1006235.jpg,6aaa777945f288a8ba206921709292eaaf4ea972f9a0bb59cdf3040aaed3e15a,7796,3761,2000,965,3.898,3.8974093264248704,nominal scaling only; pixel alignment needs verification,downloaded
V_166,1006236,https://collections.library.yale.edu/iiif/2/1006236/full/full/0/default.jpg,data/source/yale_native/1006236.jpg,f315895bc403e9b78bdda4d207789ed7b5a38654a47715e4571fdfc140c619c6,2737,3752,1459,2000,1.875942426319397,1.876,nominal scaling only; pixel alignment needs verification,downloaded
V_167,1006237,https://collections.library.yale.edu/iiif/2/1006237/full/full/0/default.jpg,data/source/yale_native/1006237.jpg,4fe01cc0f7c1424c62cdd0fbd83092ab928493b908970b05eb112ab9d91a7793,2838,3697,1535,2000,1.8488599348534203,1.8485,nominal scaling only; pixel alignment needs verification,downloaded
V_168,1006238,https://collections.library.yale.edu/iiif/2/1006238/full/full/0/default.jpg,data/source/yale_native/1006238.jpg,e8ab4d7dcf7d758e2f0e05f9579ef5366a846c273f309ae603616a5e74bbec3a,2718,3758,1447,2000,1.8783690393918453,1.879,nominal scaling only; pixel alignment needs verification,downloaded
V_169,1006239,https://collections.library.yale.edu/iiif/2/1006239/full/full/0/default.jpg,data/source/yale_native/1006239.jpg,ed9a4f5e3c4be33611749ce05c303aa7553c5cf3523882d87d05c7aac86e0e32,2838,3697,1535,2000,1.8488599348534203,1.8485,nominal scaling only; pixel alignment needs verification,downloaded
V_170,1006240,https://collections.library.yale.edu/iiif/2/1006240/full/full/0/default.jpg,data/source/yale_native/1006240.jpg,ad33592ad7f29a6e9fc6b9e45444286231f06a903d95b54d1195b17cfdca417b,2728,3754,1453,2000,1.8774948382656573,1.877,nominal scaling only; pixel alignment needs verification,downloaded
V_171,1006241,https://collections.library.yale.edu/iiif/2/1006241/full/full/0/default.jpg,data/source/yale_native/1006241.jpg,04405b1d121a3c73571bad7f5b887b8cf3776a829ee6482e8a82ca095918071d,7642,3801,2000,995,3.821,3.8201005025125627,nominal scaling only; pixel alignment needs verification,downloaded
V_172,1006242,https://collections.library.yale.edu/iiif/2/1006242/full/full/0/default.jpg,data/source/yale_native/1006242.jpg,9cdbb63ffcc2b43314bf5b9d812e59f1c0f0ce17c811270bc977a1ae71e7a960,2731,3750,1457,2000,1.8743994509265614,1.875,nominal scaling only; pixel alignment needs verification,downloaded
V_173,1006243,https://collections.library.yale.edu/iiif/2/1006243/full/full/0/default.jpg,data/source/yale_native/1006243.jpg,e9f7a4ceb162f393086b1f0be4d5c11edf4d72b8e8ea3420fdb13d8ff58efb51,2838,3697,1535,2000,1.8488599348534203,1.8485,nominal scaling only; pixel alignment needs verification,downloaded
V_174,1006244,https://collections.library.yale.edu/iiif/2/1006244/full/full/0/default.jpg,data/source/yale_native/1006244.jpg,3feb9d44f6498e7dc085dd9f3eee9a5f29db941d2d401accd54948d5fae3b613,2699,3745,1441,2000,1.873004857737682,1.8725,nominal scaling only; pixel alignment needs verification,downloaded
V_175,1006245,https://collections.library.yale.edu/iiif/2/1006245/full/full/0/default.jpg,data/source/yale_native/1006245.jpg,7aad14a896b53ddc78f3c7239d358389f215654c26fd9db7dfc43329439c1f15,2858,3697,1546,2000,1.8486416558861578,1.8485,nominal scaling only; pixel alignment needs verification,downloaded
V_176,1006246,https://collections.library.yale.edu/iiif/2/1006246/full/full/0/default.jpg,data/source/yale_native/1006246.jpg,f17eba5496a1b1d92f589c33ee9be256a379ec8d2bba3da1ebe2ff5a2e3e2901,2702,3765,1435,2000,1.8829268292682926,1.8825,nominal scaling only; pixel alignment needs verification,downloaded
V_177,1006247,https://collections.library.yale.edu/iiif/2/1006247/full/full/0/default.jpg,data/source/yale_native/1006247.jpg,111f6dfc34b8ecb9230cb5a0d144afef4cbd788048ddda2f440108941c91d5e5,2802,3697,1516,2000,1.8482849604221636,1.8485,nominal scaling only; pixel alignment needs verification,downloaded
V_178,1006248,https://collections.library.yale.edu/iiif/2/1006248/full/full/0/default.jpg,data/source/yale_native/1006248.jpg,6dcf72a0d7eac14da2232987c9cc1521e6d70c9f0f92d3eb39b55fc075520429,2676,3756,1425,2000,1.8778947368421053,1.878,nominal scaling only; pixel alignment needs verification,downloaded
V_179,1006249,https://collections.library.yale.edu/iiif/2/1006249/full/full/0/default.jpg,data/source/yale_native/1006249.jpg,72637b9770f40f7a8ff6b96a551e64775e88994ae69bafec0b43d48974364c33,7486,3715,2000,992,3.743,3.744959677419355,nominal scaling only; pixel alignment needs verification,downloaded
V_180,1006250,https://collections.library.yale.edu/iiif/2/1006250/full/full/0/default.jpg,data/source/yale_native/1006250.jpg,1122f1b13afdf1509402334816f95e5e9baa2b6c94aa9e347b04aa2e4e54f36b,2698,3779,1428,2000,1.8893557422969187,1.8895,nominal scaling only; pixel alignment needs verification,downloaded
V_181,1006251,https://collections.library.yale.edu/iiif/2/1006251/full/full/0/default.jpg,data/source/yale_native/1006251.jpg,30fd529fc6bf8999d5be48024ee6a1676af55e8d66dc0a4f77993fe2565e9d94,8176,3864,2000,945,4.088,4.088888888888889,nominal scaling only; pixel alignment needs verification,downloaded
V_182,1006252,https://collections.library.yale.edu/iiif/2/1006252/full/full/0/default.jpg,data/source/yale_native/1006252.jpg,8cdb1030d805b968932146124915cb0d86f7abf853167ffec028b59599820fad,2981,3795,1571,2000,1.8975175047740294,1.8975,nominal scaling only; pixel alignment needs verification,downloaded
V_183,1006253,https://collections.library.yale.edu/iiif/2/1006253/full/full/0/default.jpg,data/source/yale_native/1006253.jpg,e3ed770ad77b1c1127b8e60b2ee2d9e226ab4089d4861b85dbf22299925397ce,2838,3697,1535,2000,1.8488599348534203,1.8485,nominal scaling only; pixel alignment needs verification,downloaded
V_184,1006254,https://collections.library.yale.edu/iiif/2/1006254/full/full/0/default.jpg,data/source/yale_native/1006254.jpg,28a65644ebf9a16dc41c073e6535117d924765fae6af474dbd1e3fe2b167beda,2688,3805,1413,2000,1.9023354564755839,1.9025,nominal scaling only; pixel alignment needs verification,downloaded
V_185,1006255,https://collections.library.yale.edu/iiif/2/1006255/full/full/0/default.jpg,data/source/yale_native/1006255.jpg,dd2444928b8dd5d1e60fbd58e04e4be38ed877f9d491058a7c6b779ceb18a75b,2762,3697,1494,2000,1.8487282463186077,1.8485,nominal scaling only; pixel alignment needs verification,downloaded
V_186,1006256,https://collections.library.yale.edu/iiif/2/1006256/full/full/0/default.jpg,data/source/yale_native/1006256.jpg,2ee5f2a32ed2e242d60dcb34398c9b8be6af0341872a476e3905f1314ebe716f,2677,3811,1405,2000,1.905338078291815,1.9055,nominal scaling only; pixel alignment needs verification,downloaded
V_187,1006257,https://collections.library.yale.edu/iiif/2/1006257/full/full/0/default.jpg,data/source/yale_native/1006257.jpg,c6caadfdcdcc2afb0351ecb3b9f94cdc8c61be0cf005aa16d16aea024e336ccd,2744,3704,1482,2000,1.8515519568151146,1.852,nominal scaling only; pixel alignment needs verification,downloaded
V_188,1006258,https://collections.library.yale.edu/iiif/2/1006258/full/full/0/default.jpg,data/source/yale_native/1006258.jpg,0401750e6d83ed74cd4fea79f99c2aba5e2c8dcd90ed0f2641be81c7b722e82f,2662,3771,1412,2000,1.885269121813031,1.8855,nominal scaling only; pixel alignment needs verification,downloaded
V_189,1006259,https://collections.library.yale.edu/iiif/2/1006259/full/full/0/default.jpg,data/source/yale_native/1006259.jpg,540787c3d0aa7a13c1cc620fe222a13d0b2409eaa69e19de56d2544cfdf3c678,2663,3701,1439,2000,1.8505906879777623,1.8505,nominal scaling only; pixel alignment needs verification,downloaded
V_190,1006260,https://collections.library.yale.edu/iiif/2/1006260/full/full/0/default.jpg,data/source/yale_native/1006260.jpg,1aad6bd53b227df51ba6f9b19812558a8b4f4313f97dd1a8b272ee4c60fefb31,2635,3787,1392,2000,1.8929597701149425,1.8935,nominal scaling only; pixel alignment needs verification,downloaded
V_191,1006261,https://collections.library.yale.edu/iiif/2/1006261/full/full/0/default.jpg,data/source/yale_native/1006261.jpg,41e4c5cd7a0b171517dea7724fc3b858ffe38293f043f317061e93a99c47ffc5,2670,3697,1444,2000,1.8490304709141274,1.8485,nominal scaling only; pixel alignment needs verification,downloaded
V_192,1006262,https://collections.library.yale.edu/iiif/2/1006262/full/full/0/default.jpg,data/source/yale_native/1006262.jpg,eb97d7b784be55eaa92781031d3ccefc3e37f9eda41314a9ed996e711a041a58,2641,3787,1395,2000,1.8931899641577061,1.8935,nominal scaling only; pixel alignment needs verification,downloaded
V_193,1006263,https://collections.library.yale.edu/iiif/2/1006263/full/full/0/default.jpg,data/source/yale_native/1006263.jpg,46316d4cb82f2ccdd1c8d414ee99ad60f72d6154c28b888d00c484245d75704c,2689,3697,1455,2000,1.848109965635739,1.8485,nominal scaling only; pixel alignment needs verification,downloaded
V_194,1006264,https://collections.library.yale.edu/iiif/2/1006264/full/full/0/default.jpg,data/source/yale_native/1006264.jpg,afad28189500567259ef2041cd1c591644bf6d6c86ac6a39cd1c09503693ad76,2641,3787,1395,2000,1.8931899641577061,1.8935,nominal scaling only; pixel alignment needs verification,downloaded
V_195,1006265,https://collections.library.yale.edu/iiif/2/1006265/full/full/0/default.jpg,data/source/yale_native/1006265.jpg,df3fce237ad489c5fcdc1c8dab2a5b21b7c338bc3b88ca588cc79434f9499a7b,2649,3706,1430,2000,1.8524475524475525,1.853,nominal scaling only; pixel alignment needs verification,downloaded
V_196,1006266,https://collections.library.yale.edu/iiif/2/1006266/full/full/0/default.jpg,data/source/yale_native/1006266.jpg,12ea5325dcdc68d0ea9480bb369d1d95b4dc3accd1ff0d9b84beea8827cfdf31,2622,3783,1386,2000,1.8917748917748918,1.8915,nominal scaling only; pixel alignment needs verification,downloaded
V_197,1006267,https://collections.library.yale.edu/iiif/2/1006267/full/full/0/default.jpg,data/source/yale_native/1006267.jpg,00729a36de336f57b387fc364441057b31b4bc51f6c5e915352d9185121cbcbf,2666,3697,1442,2000,1.8488210818307906,1.8485,nominal scaling only; pixel alignment needs verification,downloaded
V_198,1006268,https://collections.library.yale.edu/iiif/2/1006268/full/full/0/default.jpg,data/source/yale_native/1006268.jpg,f59b3420ff3fdbe6f360c12993304a12b11acdef1a2978784efcd77541c0d9b3,2602,3787,1374,2000,1.8937409024745269,1.8935,nominal scaling only; pixel alignment needs verification,downloaded
V_199,1006269,https://collections.library.yale.edu/iiif/2/1006269/full/full/0/default.jpg,data/source/yale_native/1006269.jpg,c421f574928c767cada83c01295370c078b66234610d262e286079a7a5a4cc1a,2664,3697,1441,2000,1.8487161693268563,1.8485,nominal scaling only; pixel alignment needs verification,downloaded
V_200,1006270,https://collections.library.yale.edu/iiif/2/1006270/full/full/0/default.jpg,data/source/yale_native/1006270.jpg,ad748f9012b174be520b7ac837fdadf913e49a696323920ca655ecf5474afb5c,2582,3787,1364,2000,1.8929618768328447,1.8935,nominal scaling only; pixel alignment needs verification,downloaded
V_201,1006271,https://collections.library.yale.edu/iiif/2/1006271/full/full/0/default.jpg,data/source/yale_native/1006271.jpg,d5b4940ea3d934848bf98c751616172339e8f0e587e41aaea15023e1a314eca3,2666,3697,1442,2000,1.8488210818307906,1.8485,nominal scaling only; pixel alignment needs verification,downloaded
V_202,1006272,https://collections.library.yale.edu/iiif/2/1006272/full/full/0/default.jpg,data/source/yale_native/1006272.jpg,fc76cfcb2e6f8911b3928c59772c9c4eca7854dd2a260bec81972f78b883aa37,2599,3787,1373,2000,1.8929351784413693,1.8935,nominal scaling only; pixel alignment needs verification,downloaded
V_203,1006273,https://collections.library.yale.edu/iiif/2/1006273/full/full/0/default.jpg,data/source/yale_native/1006273.jpg,159d08488392d651c1818e825d3defce83187ad6997610d179dbfe76be30e4e3,2671,3697,1445,2000,1.8484429065743944,1.8485,nominal scaling only; pixel alignment needs verification,downloaded
V_204,1006274,https://collections.library.yale.edu/iiif/2/1006274/full/full/0/default.jpg,data/source/yale_native/1006274.jpg,6de34408de10afa401805534c691341824f0660e054d836f9be5e8620cb17668,2584,3786,1365,2000,1.893040293040293,1.893,nominal scaling only; pixel alignment needs verification,downloaded
V_205,1006275,https://collections.library.yale.edu/iiif/2/1006275/full/full/0/default.jpg,data/source/yale_native/1006275.jpg,5700486404459fe1abfc11f6347aa0171bd651e39bcf71d594beecfb170ed8a3,2676,3697,1448,2000,1.8480662983425415,1.8485,nominal scaling only; pixel alignment needs verification,downloaded
V_206,1006276,https://collections.library.yale.edu/iiif/2/1006276/full/full/0/default.jpg,data/source/yale_native/1006276.jpg,4451503bbcbf9f9ab541c65c630bd37bfb06991c708abf29b2ad184ee09ac20c,2559,3787,1351,2000,1.8941524796447076,1.8935,nominal scaling only; pixel alignment needs verification,downloaded
V_207,1006277,https://collections.library.yale.edu/iiif/2/1006277/full/full/0/default.jpg,data/source/yale_native/1006277.jpg,0f2e8691a66f255159b28f3fc2984633016f96c30c6d4d89cff6396708e5bb17,2686,3697,1453,2000,1.8485891259463179,1.8485,nominal scaling only; pixel alignment needs verification,downloaded
