view_id,line_id,bbox_xyxy,body_height,contacts,components,ordinary_score
V_035,V_035_R01_L002,"[863, 651, 2065, 777]",30.0,0.034482758620689655,29,0.5384827586206896
V_035,V_035_R01_L003,"[765, 703, 2144, 846]",30.0,0.030303030303030304,33,0.6023030303030302
V_035,V_035_R01_L004,"[834, 817, 1956, 917]",30.0,0.0,32,0.4
V_035,V_035_R01_L005,"[825, 888, 2161, 1013]",30.0,0.0,27,0.5
V_035,V_035_R01_L006,"[682, 977, 2092, 1102]",30.0,0.0,25,0.5
V_035,V_035_R01_L007,"[827, 1008, 1807, 1151]",30.0,0.045454545454545456,22,0.6174545454545454
V_035,V_035_R01_L008,"[781, 1145, 2161, 1226]",30.0,0.0,23,0.324
V_035,V_035_R01_L009,"[814, 1173, 2161, 1321]",30.0,0.0,19,0.592
V_035,V_035_R01_L010,"[831, 1243, 2154, 1376]",30.0,0.09090909090909091,22,0.622909090909091
V_035,V_035_R01_L011,"[839, 1331, 2161, 1461]",30.0,0.06451612903225806,31,0.584516129032258
V_035,V_035_R01_L012,"[827, 1423, 2161, 1532]",30.0,0.0,17,0.436
V_035,V_035_R01_L013,"[836, 1475, 2161, 1603]",30.0,0.05,20,0.562
V_035,V_035_R01_L014,"[818, 1567, 1898, 1686]",30.0,0.0,18,0.476
V_035,V_035_R01_L015,"[817, 1617, 1812, 1749]",30.0,0.0,25,0.528
V_035,V_035_R01_L016,"[811, 1681, 2031, 1856]",30.0,0.0,21,0.7
V_035,V_035_R01_L017,"[802, 1814, 1996, 1920]",30.0,0.0,23,0.424
V_035,V_035_R01_L018,"[788, 1940, 2135, 2051]",30.0,0.0,24,0.444
V_035,V_035_R01_L019,"[798, 2012, 2161, 2110]",30.0,0.0,24,0.39199999999999996
V_035,V_035_R01_L020,"[797, 2089, 2159, 2196]",30.0,0.0,22,0.428
V_035,V_035_R01_L021,"[804, 2159, 1876, 2247]",30.0,0.0,18,0.352
V_035,V_035_R01_L022,"[800, 2201, 2043, 2346]",30.0,0.0,22,0.58
V_035,V_035_R01_L023,"[783, 2293, 2151, 2433]",30.0,0.05,20,0.6100000000000001
V_035,V_035_R01_L024,"[796, 2340, 2161, 2567]",30.0,0.05555555555555555,18,0.9635555555555555
V_015,V_015_R01_L001,"[593, 400, 2176, 524]",37.0,0.0,33,0.40216216216216216
V_015,V_015_R01_L002,"[596, 500, 2176, 615]",37.0,0.0,33,0.37297297297297294
V_015,V_015_R01_L003,"[579, 580, 2168, 692]",37.0,0.0,31,0.36324324324324325
V_015,V_015_R01_L004,"[570, 627, 2176, 778]",37.0,0.0,30,0.48972972972972967
V_015,V_015_R01_L005,"[587, 706, 2121, 850]",37.0,0.03125,32,0.49827702702702703
V_015,V_015_R01_L006,"[574, 766, 1683, 993]",37.0,0.04,25,0.7762162162162162
V_015,V_015_R01_L007,"[524, 948, 2143, 1080]",37.0,0.0,30,0.42810810810810807
V_015,V_015_R01_L008,"[570, 1039, 2066, 1155]",37.0,0.0,22,0.3762162162162162
V_015,V_015_R01_L009,"[587, 1056, 2078, 1234]",37.0,0.04,25,0.6172972972972973
V_015,V_015_R01_L010,"[568, 1150, 2176, 1296]",37.0,0.038461538461538464,26,0.511975051975052
V_015,V_015_R01_L011,"[585, 1232, 2146, 1394]",37.0,0.11764705882352941,17,0.6430524642289348
V_015,V_015_R01_L012,"[583, 1276, 2116, 1463]",37.0,0.11764705882352941,17,0.724133545310016
V_015,V_015_R01_L013,"[553, 1352, 1951, 1543]",37.0,0.058823529411764705,17,0.6782829888712242
V_015,V_015_R01_L014,"[574, 1447, 1610, 1608]",37.0,0.05,20,0.5721621621621622
V_015,V_015_R01_L015,"[587, 1541, 1989, 1679]",37.0,0.05263157894736842,19,0.500199146514936
V_015,V_015_R01_L016,"[575, 1615, 2176, 1760]",37.0,0.0,16,0.47027027027027024
V_015,V_015_R01_L017,"[581, 1699, 1997, 1837]",37.0,0.0,17,0.44756756756756755
V_015,V_015_R01_L018,"[574, 1782, 1734, 1898]",37.0,0.0,13,0.3762162162162162
V_015,V_015_R01_L019,"[576, 1812, 2036, 1969]",37.0,0.07407407407407407,27,0.5832632632632632
V_015,V_015_R01_L020,"[577, 1898, 2029, 2048]",37.0,0.07142857142857142,28,0.5579150579150579
V_015,V_015_R01_L021,"[578, 2023, 2097, 2164]",37.0,0.0,16,0.4572972972972973
V_036,V_036_R01_L001,"[364, 337, 2207, 410]",38.0,0.0,11,0.23052631578947366
V_036,V_036_R01_L002,"[302, 394, 2221, 551]",38.0,0.0,39,0.49578947368421056
V_036,V_036_R01_L003,"[294, 512, 2216, 609]",38.0,0.0,38,0.3063157894736842
V_036,V_036_R01_L005,"[309, 527, 1971, 722]",38.0,0.08695652173913043,23,0.702745995423341
V_036,V_036_R01_L004,"[284, 581, 2215, 670]",38.0,0.0,31,0.28105263157894733
V_036,V_036_R01_L006,"[301, 679, 1804, 838]",38.0,0.045454545454545456,22,0.5475598086124401
V_036,V_036_R01_L007,"[328, 738, 1973, 898]",38.0,0.05263157894736842,38,0.5578947368421052
V_036,V_036_R01_L008,"[333, 822, 1914, 961]",38.0,0.02857142857142857,35,0.4675187969924812
V_036,V_036_R01_L010,"[341, 888, 1871, 1094]",38.0,0.041666666666666664,24,0.6921929824561404
V_036,V_036_R01_L009,"[323, 925, 1895, 1034]",38.0,0.0,35,0.3442105263157894
V_036,V_036_R01_L011,"[349, 1038, 1840, 1200]",38.0,0.037037037037037035,27,0.5486159844054581
V_036,V_036_R01_L012,"[326, 1114, 2305, 1249]",38.0,0.03225806451612903,31,0.4585738539898132
V_036,V_036_R01_L013,"[309, 1214, 2280, 1339]",38.0,0.0,27,0.3947368421052631
V_036,V_036_R01_L014,"[333, 1283, 2177, 1407]",38.0,0.0,27,0.391578947368421
V_036,V_036_R01_L015,"[600, 1367, 2305, 1535]",38.0,0.0,24,0.5305263157894737
V_006,V_006_R01_L001,"[444, 440, 2204, 588]",42.0,0.0,41,0.4228571428571428
V_006,V_006_R01_L003,"[427, 536, 2055, 750]",42.0,0.06060606060606061,33,0.672034632034632
V_006,V_006_R01_L002,"[435, 558, 1755, 726]",42.0,0.0,25,0.48
V_006,V_006_R01_L004,"[437, 653, 2198, 845]",42.0,0.0,31,0.5485714285714285
V_006,V_006_R01_L005,"[438, 798, 2097, 883]",42.0,0.0,30,0.24285714285714283
V_006,V_006_R01_L006,"[432, 870, 2077, 994]",42.0,0.0,32,0.3542857142857143
V_006,V_006_R01_L007,"[441, 942, 1867, 1169]",42.0,0.0,19,0.6485714285714286
V_006,V_006_R02_L001,"[477, 2413, 2233, 2562]",43.599999999999994,0.0,38,0.41009174311926605
V_006,V_006_R02_L003,"[462, 2513, 2233, 2711]",43.599999999999994,0.04878048780487805,41,0.5937346162452452
V_006,V_006_R02_L002,"[470, 2520, 2227, 2641]",43.599999999999994,0.0,36,0.33302752293577986
V_006,V_006_R02_L004,"[484, 2650, 2233, 2798]",43.599999999999994,0.0,38,0.4073394495412844
V_006,V_006_R02_L005,"[487, 2738, 2202, 2898]",43.599999999999994,0.0,29,0.4403669724770643
V_006,V_006_R02_L006,"[491, 2853, 1371, 2976]",43.599999999999994,0.0,17,0.33853211009174317
V_028,V_028_R01_L001,"[400, 424, 2195, 557]",40.8,0.0,30,0.39117647058823535
V_028,V_028_R01_L002,"[445, 516, 2095, 667]",40.8,0.03333333333333333,30,0.4774509803921569
V_028,V_028_R01_L003,"[438, 594, 2087, 749]",40.8,0.034482758620689655,29,0.49036511156186613
V_028,V_028_R01_L004,"[453, 696, 2082, 806]",40.8,0.0,25,0.3235294117647059
V_028,V_028_R01_L005,"[456, 718, 2167, 903]",40.8,0.0,28,0.5441176470588235
V_028,V_028_R01_L006,"[462, 836, 2063, 968]",40.8,0.0,29,0.38823529411764707
V_028,V_028_R01_L007,"[465, 877, 2236, 1047]",40.8,0.06896551724137931,29,0.5689655172413793
V_028,V_028_R02_L001,"[452, 2296, 2218, 2501]",44.0,0.0,30,0.5590909090909091
V_028,V_028_R02_L002,"[452, 2475, 2145, 2602]",44.0,0.0,37,0.3463636363636363
V_028,V_028_R02_L003,"[452, 2577, 2141, 2685]",44.0,0.0,32,0.29454545454545455
V_028,V_028_R02_L004,"[452, 2664, 2021, 2789]",44.0,0.0967741935483871,31,0.43768328445747795
V_028,V_028_R02_L005,"[454, 2720, 2133, 2834]",44.0,0.18181818181818182,33,0.49272727272727274
V_028,V_028_R02_L006,"[463, 2788, 1837, 2965]",44.0,0.0,30,0.48272727272727267
V_040,V_040_R01_L001,"[500, 558, 2000, 706]",28.0,0.0,31,0.6342857142857142
V_040,V_040_R01_L002,"[495, 688, 1946, 794]",28.0,0.0,31,0.45428571428571424
V_040,V_040_R01_L003,"[488, 724, 1984, 846]",28.0,0.029411764705882353,34,0.5522689075630252
V_040,V_040_R01_L004,"[500, 833, 1165, 932]",28.0,0.0,17,0.42428571428571427
V_040,V_040_R01_L005,"[490, 899, 1979, 1013]",28.0,0.0,32,0.48857142857142855
V_040,V_040_R01_L006,"[501, 994, 2006, 1090]",28.0,0.0,31,0.41142857142857137
V_040,V_040_R01_L007,"[504, 1054, 1973, 1134]",28.0,0.0,34,0.34285714285714286
V_040,V_040_R01_L008,"[499, 1144, 1204, 1212]",28.0,0.0,17,0.29142857142857137
V_040,V_040_R01_L009,"[488, 1200, 2012, 1321]",28.0,0.0,32,0.5185714285714286
V_040,V_040_R01_L010,"[507, 1271, 2010, 1386]",28.0,0.030303030303030304,33,0.523160173160173
V_040,V_040_R01_L011,"[502, 1379, 1994, 1476]",28.0,0.0,30,0.4157142857142857
V_040,V_040_R01_L012,"[499, 1433, 2012, 1576]",28.0,0.03333333333333333,30,0.6461904761904761
V_040,V_040_R01_L013,"[505, 1542, 1336, 1623]",28.0,0.0,18,0.34714285714285714
V_054,V_054_R01_L001,"[411, 411, 2075, 645]",35.39999999999999,0.0,33,0.793220338983051
V_054,V_054_R01_L002,"[408, 603, 2117, 713]",35.39999999999999,0.0,31,0.3728813559322035
V_054,V_054_R01_L003,"[411, 648, 2110, 781]",35.39999999999999,0.037037037037037035,27,0.48788449466415573
V_054,V_054_R01_L004,"[396, 712, 2095, 850]",35.39999999999999,0.04,25,0.5077966101694916
V_054,V_054_R01_L005,"[423, 845, 2089, 941]",35.39999999999999,0.0,23,0.3254237288135594
V_054,V_054_R01_L006,"[421, 914, 2252, 1085]",35.39999999999999,0.0,26,0.5796610169491527
V_054,V_054_R02_L001,"[470, 2171, 1813, 2362]",34.0,0.0,24,0.6741176470588235
V_054,V_054_R02_L002,"[468, 2279, 1768, 2412]",34.0,0.045454545454545456,22,0.5148663101604277
V_054,V_054_R02_L003,"[472, 2350, 1813, 2479]",34.0,0.038461538461538464,26,0.4937556561085973
V_054,V_054_R02_L004,"[450, 2478, 1758, 2598]",34.0,0.0,21,0.4235294117647059
V_054,V_054_R02_L005,"[462, 2553, 1707, 2704]",34.0,0.0,26,0.5329411764705883
V_054,V_054_R02_L006,"[469, 2663, 1541, 2767]",34.0,0.0,21,0.3670588235294117
V_054,V_054_R02_L007,"[998, 2710, 1790, 2856]",34.0,0.0,10,0.5152941176470588
V_014,V_014_R01_L001,"[456, 342, 2086, 455]",31.0,0.0,31,0.43741935483870964
V_014,V_014_R01_L002,"[461, 425, 2080, 530]",31.0,0.0,31,0.4064516129032258
V_014,V_014_R01_L003,"[435, 504, 2127, 596]",31.0,0.0,35,0.3561290322580645
V_014,V_014_R01_L004,"[466, 589, 2115, 697]",31.0,0.0,33,0.4180645161290322
V_014,V_014_R01_L005,"[460, 660, 1758, 754]",31.0,0.0,26,0.36387096774193545
V_014,V_014_R01_L006,"[473, 737, 1812, 832]",31.0,0.0,29,0.36774193548387096
V_014,V_014_R01_L007,"[475, 827, 1465, 906]",31.0,0.0,21,0.3058064516129032
V_014,V_014_R01_L008,"[470, 862, 1818, 1001]",31.0,0.0,25,0.5380645161290322
V_014,V_014_R01_L009,"[471, 962, 1495, 1060]",31.0,0.0,26,0.3793548387096774
V_014,V_014_R01_L010,"[463, 1022, 1538, 1147]",31.0,0.0,18,0.48387096774193544
V_014,V_014_R01_L011,"[471, 1126, 1369, 1248]",31.0,0.0,17,0.472258064516129
V_014,V_014_R01_L012,"[465, 1191, 1942, 1304]",31.0,0.0,14,0.43741935483870964
V_010,V_010_R01_L001,"[456, 401, 2088, 549]",31.0,0.0,34,0.5729032258064516
V_010,V_010_R01_L002,"[457, 511, 2070, 636]",31.0,0.0,34,0.48387096774193544
V_010,V_010_R01_L003,"[461, 515, 2103, 699]",31.0,0.02631578947368421,38,0.7385738539898132
V_010,V_010_R01_L004,"[464, 638, 1650, 787]",31.0,0.0,29,0.5767741935483871
V_010,V_010_R01_L005,"[468, 792, 2023, 941]",31.0,0.0,14,0.5767741935483871
V_010,V_010_R01_L006,"[492, 835, 2071, 1017]",31.0,0.11538461538461539,26,0.8199007444168734
V_010,V_010_R01_L007,"[494, 936, 1977, 1063]",31.0,0.0,19,0.4916129032258064
V_010,V_010_R01_L008,"[482, 982, 1980, 1149]",31.0,0.09090909090909091,22,0.7373607038123167
V_010,V_010_R01_L009,"[503, 1120, 2015, 1221]",31.0,0.0,25,0.3909677419354839
V_010,V_010_R01_L010,"[499, 1151, 1909, 1331]",31.0,0.041666666666666664,24,0.7384408602150537
V_010,V_010_R01_L011,"[471, 1248, 1994, 1423]",31.0,0.043478260869565216,23,0.7208976157082749
V_010,V_010_R01_L012,"[456, 1330, 2077, 1472]",31.0,0.0,17,0.5496774193548387
V_010,V_010_R01_L013,"[456, 1399, 1916, 1554]",31.0,0.2608695652173913,23,0.8608695652173912
V_010,V_010_R01_L014,"[500, 1479, 1915, 1646]",31.0,0.0,17,0.6464516129032257
V_010,V_010_R01_L015,"[655, 1588, 2173, 1765]",31.0,0.0,14,0.6851612903225807
V_010,V_010_R01_L016,"[656, 1656, 2163, 1795]",31.0,0.14285714285714285,14,0.6809216589861751
V_011,V_011_R01_L001,"[693, 456, 1835, 510]",27.0,0.0,29,0.24
V_011,V_011_R01_L002,"[721, 506, 1863, 593]",27.0,0.0,20,0.38666666666666666
V_011,V_011_R01_L003,"[721, 597, 1824, 662]",27.0,0.0,25,0.28888888888888886
V_011,V_011_R01_L004,"[713, 645, 1863, 747]",27.0,0.0,25,0.4533333333333333
V_011,V_011_R01_L005,"[723, 716, 1959, 844]",27.0,0.0,31,0.5688888888888889
V_011,V_011_R01_L006,"[733, 806, 1432, 915]",27.0,0.0,18,0.48444444444444446
V_011,V_011_R01_L007,"[728, 960, 1813, 1067]",27.0,0.0,27,0.4755555555555555
V_011,V_011_R01_L008,"[738, 1059, 1993, 1137]",27.0,0.0,22,0.3466666666666666
V_011,V_011_R01_L009,"[719, 1100, 1964, 1207]",27.0,0.0,32,0.4755555555555555
V_011,V_011_R01_L010,"[729, 1153, 1993, 1291]",27.0,0.07142857142857142,28,0.6847619047619047
V_011,V_011_R01_L011,"[737, 1280, 1993, 1399]",27.0,0.0,25,0.5288888888888889
V_011,V_011_R01_L012,"[728, 1357, 1976, 1451]",27.0,0.0,26,0.41777777777777775
V_011,V_011_R01_L013,"[746, 1439, 1993, 1551]",27.0,0.0,33,0.4977777777777777
V_022,V_022_R01_L001,"[371, 404, 1969, 557]",35.0,0.0,40,0.5245714285714285
V_022,V_022_R01_L002,"[421, 516, 1971, 643]",35.0,0.0,41,0.4354285714285714
V_022,V_022_R01_L003,"[413, 609, 1968, 719]",35.0,0.0,34,0.3771428571428571
V_022,V_022_R01_L004,"[423, 669, 1963, 784]",35.0,0.0,32,0.39428571428571424
V_022,V_022_R01_L005,"[428, 725, 2126, 885]",35.0,0.05263157894736842,19,0.6012030075187969
V_022,V_022_R01_L006,"[454, 863, 2126, 975]",35.0,0.0,33,0.384
V_022,V_022_R01_L007,"[456, 943, 2125, 1071]",35.0,0.0,38,0.43885714285714283
V_022,V_022_R01_L008,"[447, 993, 2039, 1114]",35.0,0.0,32,0.41485714285714287
V_022,V_022_R01_L009,"[445, 1034, 2082, 1210]",35.0,0.11428571428571428,35,0.7177142857142857
V_022,V_022_R01_L010,"[443, 1162, 2126, 1296]",35.0,0.0,30,0.4594285714285714
V_022,V_022_R01_L011,"[447, 1257, 2126, 1376]",35.0,0.0,32,0.408
V_022,V_022_R01_L012,"[441, 1353, 2098, 1533]",35.0,0.0,31,0.6171428571428572
V_008,V_008_R01_L001,"[380, 524, 1341, 655]",35.79999999999998,0.0,19,0.43910614525139685
V_008,V_008_R01_L002,"[398, 525, 1340, 745]",35.79999999999998,0.0,16,0.7374301675977657
V_008,V_008_R01_L003,"[403, 701, 1345, 810]",35.79999999999998,0.0,17,0.3653631284916202
V_008,V_008_R01_L004,"[381, 748, 1345, 879]",35.79999999999998,0.0625,16,0.5016061452513969
V_008,V_008_R01_L005,"[398, 791, 1303, 956]",35.79999999999998,0.0625,16,0.6155726256983243
V_008,V_008_R01_L006,"[448, 890, 1345, 1019]",35.79999999999998,0.0,16,0.4324022346368717
V_008,V_008_R01_L007,"[409, 998, 1345, 1121]",35.79999999999998,0.0,21,0.41229050279329627
V_008,V_008_R01_L008,"[417, 1077, 1345, 1196]",35.79999999999998,0.0,17,0.398882681564246
V_008,V_008_R01_L009,"[386, 1157, 1293, 1247]",35.79999999999998,0.0,21,0.3016759776536314
V_008,V_008_R01_L010,"[380, 1175, 1345, 1334]",35.79999999999998,0.09090909090909091,11,0.6238699847638398
V_008,V_008_R02_L001,"[392, 1734, 2110, 1825]",35.39999999999998,0.0,23,0.30847457627118663
V_008,V_008_R02_L002,"[387, 1734, 2261, 1884]",35.39999999999998,0.125,32,0.6334745762711868
V_008,V_008_R02_L003,"[397, 1829, 1576, 1970]",35.39999999999998,0.0625,16,0.5404661016949155
V_008,V_008_R02_L004,"[377, 1939, 2214, 2083]",35.39999999999998,0.0,32,0.4881355932203393
V_008,V_008_R02_L005,"[405, 2046, 2205, 2159]",35.39999999999998,0.0,30,0.38305084745762735
V_008,V_008_R02_L006,"[387, 2071, 1550, 2234]",35.39999999999998,0.125,24,0.6775423728813562
V_008,V_008_R02_L007,"[377, 2217, 2221, 2387]",35.39999999999998,0.0,30,0.5762711864406783
V_008,V_008_R02_L008,"[406, 2314, 2237, 2488]",35.39999999999998,0.06666666666666667,30,0.6564971751412433
V_018,V_018_R01_L001,"[643, 1177, 1817, 1324]",30.0,0.058823529411764705,17,0.6468235294117647
V_018,V_018_R01_L002,"[356, 1246, 2105, 1397]",30.0,0.1,30,0.704
V_018,V_018_R01_L003,"[370, 1367, 2084, 1485]",30.0,0.0,31,0.472
V_018,V_018_R01_L004,"[357, 1452, 2086, 1570]",30.0,0.0,33,0.472
V_018,V_018_R01_L005,"[369, 1527, 2014, 1678]",30.0,0.0,28,0.604
V_018,V_018_R01_L006,"[357, 1554, 2041, 1730]",30.0,0.07894736842105263,38,0.7829473684210526
V_018,V_018_R01_L007,"[374, 1649, 1970, 1795]",30.0,0.030303030303030304,33,0.6143030303030302
V_018,V_018_R01_L008,"[373, 1839, 2076, 1999]",30.0,0.0,38,0.6399999999999999
V_018,V_018_R01_L009,"[367, 1950, 2065, 2077]",30.0,0.0,35,0.508
V_018,V_018_R01_L010,"[364, 2008, 2083, 2135]",30.0,0.02631578947368421,38,0.5343157894736842
V_018,V_018_R01_L011,"[357, 2110, 2076, 2223]",30.0,0.0,35,0.45199999999999996
V_018,V_018_R01_L012,"[336, 2412, 2094, 2534]",30.0,0.038461538461538464,26,0.5264615384615384
V_018,V_018_R01_L013,"[445, 2427, 2104, 2565]",30.0,0.19444444444444445,36,0.7464444444444444
V_018,V_018_R01_L014,"[346, 2523, 2111, 2668]",30.0,0.0,34,0.58
V_018,V_018_R01_L015,"[343, 2645, 2089, 2782]",30.0,0.0,35,0.5479999999999999
V_018,V_018_R01_L016,"[303, 2767, 2122, 2916]",30.0,0.0,40,0.596
V_019,V_019_R01_L001,"[498, 450, 2241, 560]",31.0,0.0,38,0.4258064516129032
V_019,V_019_R01_L002,"[502, 534, 2246, 678]",31.0,0.0,34,0.5574193548387097
V_019,V_019_R01_L003,"[483, 634, 2268, 758]",31.0,0.0,33,0.48
V_019,V_019_R01_L004,"[501, 755, 2247, 860]",31.0,0.18181818181818182,22,0.5882697947214076
V_019,V_019_R01_L005,"[509, 769, 2317, 933]",31.0,0.24,25,0.8748387096774193
V_019,V_019_R01_L006,"[514, 853, 2307, 992]",31.0,0.0,28,0.5380645161290322
V_019,V_019_R01_L007,"[513, 949, 2320, 1122]",31.0,0.0,25,0.6696774193548387
V_019,V_019_R01_L008,"[525, 1080, 2281, 1196]",31.0,0.0,24,0.4490322580645161
V_019,V_019_R01_L009,"[541, 1166, 2309, 1289]",31.0,0.058823529411764705,17,0.5349525616698292
V_019,V_019_R01_L010,"[551, 1168, 2259, 1364]",31.0,0.1111111111111111,36,0.8698207885304658
V_019,V_019_R01_L011,"[520, 1332, 1981, 1481]",31.0,0.0,15,0.5767741935483871
V_019,V_019_R02_L001,"[535, 2582, 2302, 2711]",30.0,0.0,37,0.516
V_019,V_019_R02_L002,"[374, 2631, 2303, 2822]",30.0,0.020833333333333332,48,0.7848333333333333
V_019,V_019_R02_L003,"[536, 2758, 2300, 2902]",30.0,0.0,35,0.576
V_019,V_019_R02_L004,"[473, 2879, 2312, 2984]",30.0,0.0,35,0.42
V_019,V_019_R02_L005,"[552, 2961, 2316, 3038]",30.0,0.0,35,0.308
V_071,V_071_R01_L002,"[899, 544, 1695, 661]",32.0,0.0,19,0.43875
V_071,V_071_R01_L003,"[863, 649, 1732, 761]",32.0,0.0,26,0.42
V_071,V_071_R01_L004,"[797, 722, 1716, 828]",32.0,0.0,24,0.39749999999999996
V_071,V_071_R01_L005,"[878, 799, 1753, 904]",32.0,0.0,19,0.39375
V_071,V_071_R01_L006,"[874, 861, 1825, 965]",32.0,0.0,18,0.39
V_071,V_071_R01_L007,"[697, 956, 1824, 1044]",32.0,0.0,17,0.32999999999999996
V_071,V_071_R01_L008,"[724, 1037, 1826, 1133]",32.0,0.0,19,0.36
V_071,V_071_R01_L009,"[771, 1075, 1826, 1198]",32.0,0.045454545454545456,22,0.5067045454545455
V_071,V_071_R01_L010,"[693, 1171, 1826, 1294]",32.0,0.0,24,0.46125
V_071,V_071_R01_L011,"[890, 1265, 1778, 1415]",32.0,0.0,18,0.5625
V_071,V_071_R01_L012,"[877, 1352, 1754, 1454]",32.0,0.0,22,0.3825
V_071,V_071_R01_L013,"[883, 1457, 1778, 1551]",32.0,0.0,22,0.3525
V_071,V_071_R01_L014,"[883, 1544, 1811, 1650]",32.0,0.0,18,0.39749999999999996
V_071,V_071_R01_L015,"[864, 1601, 1755, 1714]",32.0,0.0,15,0.42374999999999996
V_071,V_071_R01_L016,"[896, 1672, 1606, 1778]",32.0,0.058823529411764705,17,0.4563235294117647
V_071,V_071_R01_L017,"[911, 1764, 1698, 1869]",32.0,0.058823529411764705,17,0.4525735294117647
V_071,V_071_R01_L018,"[903, 1809, 1815, 1976]",32.0,0.0,23,0.62625
V_071,V_071_R01_L019,"[899, 1941, 1698, 2030]",32.0,0.0,19,0.33375
V_071,V_071_R01_L020,"[894, 2030, 1733, 2122]",32.0,0.0,21,0.345
V_071,V_071_R01_L021,"[881, 2099, 1826, 2212]",32.0,0.0,22,0.42374999999999996
V_071,V_071_R01_L022,"[886, 2175, 1826, 2309]",32.0,0.0,18,0.5025
V_075,V_075_R01_L001,"[757, 573, 1874, 694]",41.0,0.0,25,0.3541463414634146
V_075,V_075_R01_L002,"[975, 647, 1874, 756]",41.0,0.0,17,0.31902439024390244
V_075,V_075_R01_L003,"[896, 696, 1874, 838]",41.0,0.05555555555555555,18,0.4711653116531165
V_075,V_075_R01_L004,"[895, 802, 1619, 922]",41.0,0.0,15,0.35121951219512193
V_075,V_075_R01_L005,"[854, 850, 1874, 997]",41.0,0.125,16,0.5552439024390243
V_075,V_075_R01_L007,"[915, 1101, 1615, 1250]",41.0,0.0,17,0.43609756097560975
V_075,V_075_R01_L008,"[856, 1135, 1864, 1288]",41.0,0.047619047619047616,21,0.4954239256678281
V_075,V_075_R01_L009,"[826, 1275, 1609, 1387]",41.0,0.0,14,0.3278048780487805
V_075,V_075_R01_L010,"[823, 1335, 1874, 1485]",41.0,0.0,23,0.43902439024390244
V_075,V_075_R01_L011,"[830, 1440, 1865, 1592]",41.0,0.0,19,0.4448780487804878
V_075,V_075_R01_L012,"[806, 1593, 1874, 1748]",41.0,0.0,19,0.4536585365853658
V_075,V_075_R01_L013,"[720, 1689, 1874, 1812]",41.0,0.0,16,0.36
V_075,V_075_R01_L014,"[721, 1781, 1721, 1982]",41.0,0.0,17,0.5882926829268292
V_075,V_075_R01_L015,"[760, 1894, 1874, 2086]",41.0,0.07142857142857142,14,0.6333797909407665
V_075,V_075_R01_L016,"[745, 1997, 1457, 2114]",41.0,0.0,16,0.3424390243902439
V_075,V_075_R01_L017,"[747, 2020, 1836, 2208]",41.0,0.05,20,0.6002439024390244
V_075,V_075_R01_L018,"[745, 2166, 1717, 2281]",41.0,0.0,17,0.3365853658536585
V_075,V_075_R01_L019,"[736, 2238, 1671, 2412]",41.0,0.0,13,0.5092682926829268
V_081,V_081_R01_L001,"[518, 399, 1787, 563]",33.0,0.038461538461538464,26,0.6348251748251748
V_081,V_081_R01_L002,"[486, 434, 1787, 633]",33.0,0.09375,32,0.8173863636363636
V_081,V_081_R01_L003,"[493, 589, 1776, 673]",33.0,0.0,28,0.3054545454545454
V_081,V_081_R01_L004,"[496, 612, 1784, 758]",33.0,0.03125,32,0.5621590909090909
V_081,V_081_R01_L005,"[511, 692, 1772, 820]",33.0,0.0,26,0.46545454545454545
V_081,V_081_R01_L006,"[516, 771, 1787, 889]",33.0,0.03225806451612903,31,0.4613489736070381
V_081,V_081_R01_L007,"[534, 845, 1741, 944]",33.0,0.0,26,0.36
V_081,V_081_R01_L008,"[546, 877, 1787, 1015]",33.0,0.08333333333333333,24,0.5851515151515152
V_081,V_081_R01_L009,"[527, 969, 1787, 1104]",33.0,0.0,29,0.4909090909090909
V_081,V_081_R01_L010,"[462, 1079, 1787, 1183]",33.0,0.0,31,0.3781818181818182
V_081,V_081_R01_L011,"[518, 1157, 1731, 1271]",33.0,0.0,30,0.41454545454545455
V_081,V_081_R01_L012,"[552, 1195, 1545, 1304]",33.0,0.0,21,0.39636363636363636
V_081,V_081_R01_L013,"[542, 1290, 1640, 1393]",33.0,0.0,27,0.3745454545454545
V_081,V_081_R01_L014,"[546, 1306, 1707, 1448]",33.0,0.11538461538461539,26,0.6317482517482518
V_081,V_081_R01_L015,"[544, 1399, 1710, 1509]",33.0,0.038461538461538464,26,0.43846153846153846
V_081,V_081_R01_L016,"[552, 1445, 1743, 1583]",33.0,0.03571428571428571,28,0.5375324675324675
V_081,V_081_R02_L005,"[2188, 1503, 2823, 1593]",41.0,0.0,12,0.2634146341463415
V_081,V_081_R02_L006,"[2119, 1515, 2757, 1696]",41.0,0.15384615384615385,13,0.6836022514071295
V_070,V_070_R01_L001,"[480, 539, 1922, 681]",32.19999999999999,0.0,20,0.5291925465838511
V_070,V_070_R01_L002,"[461, 597, 1924, 751]",32.19999999999999,0.0,23,0.573913043478261
V_070,V_070_R01_L003,"[482, 743, 1621, 846]",32.19999999999999,0.0,24,0.3838509316770188
V_070,V_070_R01_L004,"[421, 768, 1813, 943]",32.19999999999999,0.03225806451612903,31,0.6844319775596075
V_070,V_070_R01_L005,"[499, 914, 1926, 1019]",32.19999999999999,0.0,33,0.3913043478260871
V_070,V_070_R01_L006,"[508, 990, 1917, 1117]",32.19999999999999,0.0,34,0.47329192546583865
V_070,V_070_R01_L007,"[516, 1080, 1806, 1178]",32.19999999999999,0.0,21,0.36521739130434794
V_070,V_070_R01_L008,"[499, 1105, 1879, 1235]",32.19999999999999,0.11538461538461539,26,0.5998566650740565
V_070,V_070_R02_L001,"[307, 2208, 1911, 2287]",31.19999999999999,0.0,31,0.30384615384615393
V_070,V_070_R02_L002,"[328, 2258, 1700, 2375]",31.19999999999999,0.0,29,0.4500000000000001
V_070,V_070_R02_L003,"[361, 2315, 2141, 2462]",31.19999999999999,0.0,44,0.5653846153846156
V_070,V_070_R02_L004,"[482, 2417, 2130, 2534]",31.19999999999999,0.0,37,0.4500000000000001
V_070,V_070_R02_L005,"[458, 2470, 2148, 2631]",31.19999999999999,0.0,39,0.6192307692307695
V_070,V_070_R02_L006,"[492, 2554, 2178, 2679]",31.19999999999999,0.3448275862068966,29,0.8255968169761275
V_070,V_070_R02_L007,"[478, 2627, 2103, 2767]",31.19999999999999,0.3870967741935484,31,0.925558312655087
V_080,V_080_R01_L001,"[511, 597, 1116, 674]",35.599999999999994,0.0,8,0.2595505617977529
V_080,V_080_R01_L002,"[308, 783, 1116, 952]",35.599999999999994,0.0,18,0.5696629213483148
V_080,V_080_R02_L001,"[1340, 807, 2184, 920]",35.0,0.0,24,0.3874285714285714
V_080,V_080_R02_L002,"[1340, 894, 2166, 989]",35.0,0.0,25,0.32571428571428573
V_080,V_080_R01_L003,"[320, 943, 1100, 1036]",35.599999999999994,0.0,19,0.31348314606741573
V_080,V_080_R02_L003,"[1340, 947, 2141, 1063]",35.0,0.047619047619047616,21,0.44533333333333336
V_080,V_080_R02_L004,"[1340, 984, 2154, 1129]",35.0,0.047619047619047616,21,0.5447619047619048
V_080,V_080_R01_L004,"[311, 1086, 1116, 1296]",35.599999999999994,0.0,19,0.707865168539326
V_080,V_080_R02_L005,"[1360, 1111, 2146, 1213]",35.0,0.0,16,0.3497142857142857
V_080,V_080_R02_L006,"[1340, 1179, 2130, 1283]",35.0,0.0,21,0.3565714285714286
V_080,V_080_R02_L007,"[1340, 1262, 2193, 1383]",35.0,0.0,20,0.41485714285714287
V_080,V_080_R01_L005,"[311, 1306, 1116, 1417]",35.599999999999994,0.0,17,0.37415730337078656
V_080,V_080_R02_L008,"[1418, 1306, 2113, 1416]",35.0,0.058823529411764705,17,0.43596638655462183
V_080,V_080_R02_L009,"[1350, 1354, 2163, 1492]",35.0,0.13043478260869565,23,0.6035776397515528
V_080,V_080_R01_L006,"[301, 1382, 1116, 1517]",35.599999999999994,0.0,22,0.45505617977528096
V_073,V_073_R01_L001,"[881, 478, 2524, 630]",31.39999999999999,0.0,35,0.5808917197452231
V_073,V_073_R01_L002,"[958, 580, 2541, 695]",31.39999999999999,0.26666666666666666,30,0.7061571125265393
V_073,V_073_R01_L003,"[900, 639, 2517, 755]",31.39999999999999,0.19230769230769232,26,0.6356197942185204
V_073,V_073_R01_L004,"[907, 751, 1924, 882]",31.39999999999999,0.0,26,0.5006369426751593
V_073,V_073_R01_L005,"[874, 825, 2500, 942]",31.39999999999999,0.04,25,0.48713375796178354
V_073,V_073_R02_L001,"[1709, 937, 2482, 1035]",40.0,0.0,22,0.294
V_073,V_073_R02_L002,"[1709, 1006, 2524, 1123]",40.0,0.0,20,0.351
V_073,V_073_R02_L003,"[1709, 1050, 2499, 1190]",40.0,0.0,20,0.42
V_073,V_073_R02_L004,"[1709, 1173, 2524, 1269]",40.0,0.0,16,0.288
V_073,V_073_R02_L005,"[1709, 1206, 2486, 1344]",40.0,0.05555555555555555,18,0.4695555555555555
V_073,V_073_R02_L006,"[1776, 1307, 2462, 1422]",40.0,0.07692307692307693,13,0.4219230769230769
V_073,V_073_R02_L007,"[1810, 1356, 2466, 1471]",40.0,0.0,13,0.345
V_073,V_073_R02_L008,"[1807, 1455, 2462, 1576]",40.0,0.0,13,0.363
V_073,V_073_R02_L009,"[1709, 1545, 2308, 1658]",40.0,0.0,15,0.339
V_086,V_086_R01_L001,"[323, 343, 2166, 490]",36.0,0.0,55,0.48999999999999994
V_086,V_086_R01_L002,"[338, 432, 2450, 551]",36.0,0.0,49,0.3966666666666666
V_086,V_086_R01_L003,"[305, 493, 2261, 631]",36.0,0.07692307692307693,52,0.536923076923077
V_086,V_086_R01_L004,"[295, 537, 2222, 682]",36.0,0.08771929824561403,57,0.5710526315789473
V_086,V_086_R01_L005,"[363, 631, 2261, 733]",36.0,0.0196078431372549,51,0.3596078431372549
V_086,V_086_R01_L006,"[286, 657, 1304, 810]",36.0,0.13793103448275862,29,0.6479310344827587
V_086,V_086_R01_L007,"[301, 761, 2152, 875]",36.0,0.05454545454545454,55,0.4345454545454545
V_086,V_086_R01_L008,"[351, 766, 2503, 934]",36.0,0.1509433962264151,53,0.7109433962264151
V_086,V_086_R01_L009,"[355, 876, 2500, 1000]",36.0,0.08695652173913043,23,0.5002898550724637
V_086,V_086_R01_L010,"[365, 962, 2501, 1101]",36.0,0.019230769230769232,52,0.48256410256410254
V_086,V_086_R01_L011,"[341, 1020, 2493, 1161]",36.0,0.05084745762711865,59,0.5208474576271186
V_086,V_086_R01_L013,"[333, 1047, 2504, 1279]",36.0,0.05172413793103448,58,0.8250574712643678
V_086,V_086_R01_L012,"[343, 1084, 2418, 1215]",36.0,0.017857142857142856,56,0.4545238095238095
V_086,V_086_R01_L014,"[330, 1225, 2499, 1336]",36.0,0.023809523809523808,42,0.39380952380952383
V_087,V_087_R01_L001,"[809, 334, 2543, 456]",35.0,0.0,48,0.41828571428571426
V_087,V_087_R01_L002,"[831, 395, 2538, 506]",35.0,0.045454545454545456,44,0.42602597402597403
V_087,V_087_R01_L003,"[824, 425, 2537, 569]",35.0,0.0975609756097561,41,0.5912752613240417
V_087,V_087_R01_L004,"[838, 514, 2507, 624]",35.0,0.047619047619047616,42,0.42476190476190473
V_087,V_087_R01_L005,"[830, 564, 2569, 699]",35.0,0.28205128205128205,39,0.7449084249084249
V_087,V_087_R01_L006,"[827, 631, 2419, 745]",35.0,0.1282051282051282,39,0.519062271062271
V_087,V_087_R01_L007,"[838, 668, 2568, 798]",35.0,0.046511627906976744,43,0.49222591362126245
V_087,V_087_R01_L008,"[842, 720, 2590, 851]",35.0,0.02564102564102564,39,0.4747838827838828
V_087,V_087_R01_L009,"[863, 757, 2571, 946]",35.0,0.04,25,0.6880000000000001
V_087,V_087_R01_L010,"[822, 874, 2613, 1025]",35.0,0.0,44,0.5177142857142857
V_087,V_087_R01_L011,"[812, 973, 2589, 1104]",35.0,0.02127659574468085,47,0.47041945288753795
V_087,V_087_R01_L012,"[851, 1011, 2569, 1189]",35.0,0.04081632653061224,49,0.6511020408163265
V_087,V_087_R01_L013,"[845, 1142, 2615, 1275]",35.0,0.0,59,0.45599999999999996
V_087,V_087_R01_L014,"[709, 1189, 2460, 1430]",35.0,0.06896551724137931,29,0.8952512315270936
V_084,V_084_R01_L001,"[434, 579, 1604, 723]",30.0,0.0,24,0.576
V_084,V_084_R01_L002,"[434, 656, 1581, 795]",30.0,0.0,28,0.556
V_084,V_084_R01_L003,"[426, 708, 1559, 883]",30.0,0.0,21,0.7
V_084,V_084_R01_L004,"[445, 809, 1565, 946]",30.0,0.0,20,0.5479999999999999
V_084,V_084_R01_L005,"[440, 889, 1567, 1042]",30.0,0.0,18,0.612
V_084,V_084_R01_L007,"[475, 1127, 1621, 1343]",30.0,0.0,21,0.864
V_084,V_084_R01_L008,"[434, 1303, 1621, 1391]",30.0,0.0,18,0.352
V_084,V_084_R01_L009,"[424, 1351, 1621, 1453]",30.0,0.0,21,0.408
V_084,V_084_R01_L010,"[444, 1443, 1611, 1552]",30.0,0.0,23,0.436
V_084,V_084_R01_L011,"[429, 1532, 1621, 1634]",30.0,0.0,23,0.408
V_084,V_084_R01_L012,"[453, 1623, 1589, 1732]",30.0,0.0,23,0.436
V_084,V_084_R01_L013,"[448, 1713, 1621, 1827]",30.0,0.0,25,0.45599999999999996
V_084,V_084_R01_L014,"[463, 1790, 1621, 1895]",30.0,0.0,26,0.42
V_084,V_084_R01_L015,"[994, 1877, 1621, 1994]",30.0,0.0,13,0.46799999999999997
V_084,V_084_R03_L001,"[481, 2133, 2048, 2265]",29.0,0.0,27,0.5462068965517242
V_084,V_084_R03_L002,"[474, 2219, 1859, 2384]",29.0,0.0,30,0.6827586206896551
V_084,V_084_R03_L003,"[461, 2333, 1850, 2452]",29.0,0.0,28,0.4924137931034483
V_084,V_084_R03_L004,"[484, 2415, 1858, 2540]",29.0,0.0,22,0.5172413793103449
V_084,V_084_R03_L005,"[494, 2526, 1833, 2614]",29.0,0.0,26,0.3641379310344827
V_084,V_084_R03_L006,"[506, 2582, 1834, 2712]",29.0,0.0,25,0.5379310344827586
V_084,V_084_R03_L007,"[510, 2660, 1748, 2776]",29.0,0.0,23,0.48
V_084,V_084_R03_L008,"[1066, 2759, 1826, 2863]",29.0,0.0,15,0.4303448275862069
V_085,V_085_R01_L001,"[915, 565, 2602, 715]",34.0,0.0,34,0.5294117647058824
V_085,V_085_R01_L002,"[925, 710, 2644, 846]",34.0,0.0,37,0.48
V_085,V_085_R01_L003,"[923, 792, 2620, 894]",34.0,0.0,31,0.36
V_085,V_085_R01_L004,"[911, 862, 2609, 988]",34.0,0.0,35,0.4447058823529412
V_085,V_085_R01_L005,"[929, 945, 2599, 1071]",34.0,0.0,38,0.4447058823529412
V_085,V_085_R01_L006,"[843, 1041, 2657, 1158]",34.0,0.0,33,0.41294117647058826
V_085,V_085_R01_L007,"[931, 1128, 2647, 1247]",34.0,0.0,29,0.42
V_085,V_085_R01_L008,"[908, 1215, 2653, 1395]",34.0,0.0,21,0.6352941176470588
V_085,V_085_R02_L001,"[933, 2013, 2663, 2161]",28.0,0.0,33,0.6342857142857142
V_085,V_085_R02_L002,"[894, 2115, 2623, 2259]",28.0,0.0,39,0.6171428571428572
V_085,V_085_R02_L003,"[978, 2229, 2601, 2377]",28.0,0.0,30,0.6342857142857142
V_085,V_085_R02_L004,"[897, 2326, 2613, 2422]",28.0,0.0,37,0.41142857142857137
V_085,V_085_R02_L005,"[909, 2404, 2600, 2497]",28.0,0.0,40,0.3985714285714286
V_085,V_085_R02_L006,"[895, 2458, 2583, 2601]",28.0,0.0,39,0.6128571428571428
V_056,V_056_R01_L001,"[384, 439, 1980, 586]",30.0,0.0,39,0.588
V_056,V_056_R01_L002,"[413, 554, 2029, 661]",30.0,0.0,35,0.428
V_056,V_056_R01_L003,"[402, 632, 1968, 721]",30.0,0.0,31,0.356
V_056,V_056_R01_L004,"[415, 693, 1971, 816]",30.0,0.0,34,0.49199999999999994
V_056,V_056_R01_L005,"[423, 771, 1974, 878]",30.0,0.0,39,0.428
V_056,V_056_R01_L006,"[414, 853, 1961, 957]",30.0,0.0,36,0.416
V_056,V_056_R01_L007,"[439, 928, 1889, 1015]",30.0,0.0,37,0.348
V_056,V_056_R01_L008,"[437, 978, 1945, 1101]",30.0,0.027777777777777776,36,0.5197777777777777
V_056,V_056_R01_L009,"[457, 1071, 1923, 1160]",30.0,0.0,28,0.356
V_099,V_099_R01_L001,"[601, 502, 1732, 583]",31.0,0.0,25,0.3135483870967742
V_099,V_099_R01_L002,"[605, 582, 1732, 692]",31.0,0.0,25,0.4258064516129032
V_099,V_099_R01_L003,"[687, 654, 1732, 779]",31.0,0.0,20,0.48387096774193544
V_099,V_099_R01_L004,"[688, 735, 1693, 839]",31.0,0.0,21,0.40258064516129033
V_099,V_099_R01_L005,"[687, 835, 1665, 926]",31.0,0.0,21,0.352258064516129
V_099,V_099_R01_L006,"[699, 898, 1701, 994]",31.0,0.0,19,0.3716129032258064
V_099,V_099_R01_L007,"[792, 971, 1639, 1084]",31.0,0.0,20,0.43741935483870964
V_099,V_099_R01_L008,"[759, 1066, 1666, 1181]",31.0,0.0,19,0.4451612903225806
V_099,V_099_R01_L009,"[826, 1174, 1732, 1276]",31.0,0.0,20,0.39483870967741935
V_099,V_099_R01_L010,"[844, 1262, 1721, 1402]",31.0,0.0,14,0.5419354838709678
V_099,V_099_R01_L011,"[803, 1361, 1726, 1460]",31.0,0.0,18,0.38322580645161286
V_099,V_099_R01_L012,"[789, 1456, 1727, 1572]",31.0,0.0,17,0.4490322580645161
V_099,V_099_R02_L001,"[1101, 1621, 2285, 1702]",31.0,0.0,32,0.3135483870967742
V_099,V_099_R02_L002,"[817, 1765, 2597, 1913]",31.0,0.0,36,0.5729032258064516
V_099,V_099_R02_L003,"[765, 1849, 2584, 1990]",31.0,0.0,36,0.5458064516129032
V_099,V_099_R02_L004,"[794, 1946, 2609, 2043]",31.0,0.027777777777777776,36,0.4032616487455197
V_099,V_099_R02_L005,"[783, 2019, 2625, 2149]",31.0,0.0,38,0.5032258064516129
V_099,V_099_R02_L006,"[702, 2104, 2617, 2208]",31.0,0.0,46,0.40258064516129033
V_099,V_099_R02_L007,"[781, 2193, 2504, 2285]",31.0,0.0,36,0.3561290322580645
V_099,V_099_R02_L008,"[775, 2219, 2610, 2365]",31.0,0.025,40,0.5901612903225807
V_099,V_099_R02_L009,"[748, 2361, 2586, 2485]",31.0,0.0,42,0.48
V_099,V_099_R02_L010,"[739, 2434, 2545, 2565]",31.0,0.0,32,0.5070967741935484
V_099,V_099_R02_L011,"[743, 2490, 2559, 2651]",31.0,0.06060606060606061,33,0.6838318670576735
V_099,V_099_R02_L012,"[738, 2586, 2564, 2734]",31.0,0.07692307692307693,39,0.6498263027295286
V_098,V_098_R01_L001,"[440, 286, 2114, 416]",29.0,0.0,41,0.5379310344827586
V_098,V_098_R01_L002,"[449, 409, 1969, 502]",29.0,0.0,34,0.38482758620689655
V_098,V_098_R01_L003,"[468, 457, 2496, 602]",29.0,0.029411764705882353,34,0.6294117647058823
V_098,V_098_R02_L001,"[476, 1356, 1605, 1498]",28.0,0.0,24,0.6085714285714285
V_098,V_098_R02_L002,"[480, 1493, 1662, 1585]",28.0,0.0,24,0.39428571428571424
V_098,V_098_R02_L003,"[478, 1568, 1593, 1655]",28.0,0.0,23,0.37285714285714283
V_098,V_098_R02_L004,"[454, 1577, 1603, 1739]",28.0,0.037037037037037035,27,0.7313227513227514
V_098,V_098_R02_L005,"[493, 1713, 1636, 1820]",28.0,0.0,24,0.4585714285714286
V_098,V_098_R02_L006,"[488, 1799, 1674, 1916]",28.0,0.0,30,0.5014285714285714
V_098,V_098_R02_L007,"[489, 1890, 1674, 1989]",28.0,0.0,20,0.42428571428571427
V_098,V_098_R02_L009,"[513, 2151, 1674, 2302]",28.0,0.0,25,0.6471428571428571
V_098,V_098_R02_L010,"[512, 2299, 1625, 2397]",28.0,0.0,28,0.42
V_098,V_098_R02_L011,"[500, 2370, 1598, 2487]",28.0,0.0,27,0.5014285714285714
V_098,V_098_R02_L012,"[518, 2469, 1579, 2565]",28.0,0.0,26,0.41142857142857137
V_098,V_098_R02_L013,"[512, 2529, 1435, 2626]",28.0,0.0,21,0.4157142857142857
V_098,V_098_R02_L014,"[531, 2606, 1663, 2695]",28.0,0.0,26,0.3814285714285714
V_098,V_098_R02_L015,"[531, 2687, 1670, 2792]",28.0,0.0,30,0.44999999999999996
V_098,V_098_R02_L016,"[545, 2764, 1662, 2859]",28.0,0.0,29,0.40714285714285714
V_098,V_098_R02_L017,"[534, 2844, 1674, 2938]",28.0,0.0,24,0.40285714285714286
V_098,V_098_R02_L018,"[550, 2921, 1279, 3028]",28.0,0.0,17,0.4585714285714286
V_064,V_064_R01_L001,"[439, 340, 2064, 467]",36.0,0.0,35,0.4233333333333333
V_064,V_064_R01_L002,"[462, 421, 2012, 562]",36.0,0.0,35,0.47
V_064,V_064_R01_L003,"[456, 505, 1989, 611]",36.0,0.0,32,0.35333333333333333
V_064,V_064_R01_L004,"[439, 560, 2066, 694]",36.0,0.0,35,0.44666666666666666
V_064,V_064_R01_L005,"[451, 619, 1902, 746]",36.0,0.10526315789473684,19,0.5285964912280701
V_064,V_064_R02_L001,"[447, 895, 1178, 1036]",34.599999999999994,0.0,14,0.48901734104046246
V_064,V_064_R02_L002,"[464, 1000, 1211, 1088]",34.599999999999994,0.0,16,0.3052023121387284
V_064,V_064_R02_L003,"[452, 1050, 1225, 1174]",34.599999999999994,0.06666666666666667,15,0.4967244701348748
V_064,V_064_R02_L004,"[463, 1141, 1291, 1254]",34.599999999999994,0.0,13,0.39190751445086713
V_064,V_064_R02_L005,"[462, 1237, 1313, 1328]",34.599999999999994,0.0,12,0.31560693641618504
V_064,V_064_R02_L006,"[464, 1302, 1325, 1379]",34.599999999999994,0.0,9,0.2670520231213873
V_064,V_064_R02_L007,"[457, 1367, 1367, 1504]",34.599999999999994,0.07692307692307693,13,0.5520675855935973
V_064,V_064_R02_L008,"[455, 1452, 1256, 1552]",34.599999999999994,0.05,20,0.39682080924855495
V_064,V_064_R02_L009,"[447, 1544, 1259, 1671]",34.599999999999994,0.0,16,0.4404624277456648
V_064,V_064_R02_L010,"[445, 1635, 1136, 1738]",34.599999999999994,0.0,17,0.3572254335260116
V_064,V_064_R02_L012,"[469, 1767, 1142, 1897]",34.599999999999994,0.0,11,0.45086705202312144
V_064,V_064_R02_L013,"[467, 1866, 1119, 1978]",34.599999999999994,0.0,14,0.3884393063583816
V_064,V_064_R02_L014,"[469, 1953, 1367, 2052]",34.599999999999994,0.0,16,0.3433526011560694
V_138,V_138_R01_L001,"[337, 237, 2305, 379]",41.0,0.0,48,0.41560975609756096
V_138,V_138_R01_L002,"[303, 295, 2260, 427]",41.0,0.021739130434782608,46,0.40808059384941675
V_138,V_138_R01_L004,"[251, 423, 2514, 587]",41.0,0.05,40,0.53
V_138,V_138_R01_L005,"[277, 466, 2358, 619]",41.0,0.022222222222222223,45,0.4700271002710027
V_138,V_138_R01_L006,"[252, 551, 2342, 668]",41.0,0.0,37,0.3424390243902439
V_138,V_138_R01_L009,"[358, 721, 2296, 857]",41.0,0.03333333333333333,30,0.43138211382113817
V_138,V_138_R01_L010,"[385, 760, 2351, 896]",41.0,0.10810810810810811,37,0.5061568885959129
V_138,V_138_R01_L011,"[251, 827, 2297, 952]",41.0,0.05,40,0.41585365853658535
V_138,V_138_R01_L014,"[322, 997, 2313, 1117]",41.0,0.045454545454545456,44,0.3966740576496674
V_138,V_138_R01_L015,"[326, 1065, 2344, 1177]",41.0,0.0,34,0.3278048780487805
V_138,V_138_R01_L017,"[251, 1161, 2364, 1328]",41.0,0.02857142857142857,35,0.5173519163763066
V_138,V_138_R01_L021,"[251, 1363, 2300, 1470]",41.0,0.06818181818181818,44,0.38135254988913525
V_138,V_138_R01_L023,"[340, 1410, 2313, 1575]",41.0,0.05128205128205128,39,0.534208880550344
V_138,V_138_R01_L028,"[251, 1717, 2304, 1860]",41.0,0.1111111111111111,45,0.5296476964769647
V_138,V_138_R01_L029,"[363, 1865, 2302, 1983]",41.0,0.0,47,0.34536585365853656
V_138,V_138_R01_L030,"[393, 1947, 2277, 2050]",41.0,0.05128205128205128,39,0.3527454659161976
V_138,V_138_R01_L032,"[343, 2019, 2290, 2160]",41.0,0.05405405405405406,37,0.4667369808833223
V_138,V_138_R01_L033,"[309, 2089, 2321, 2218]",41.0,0.06060606060606061,33,0.4381670362158167
V_138,V_138_R01_L034,"[370, 2154, 2323, 2283]",41.0,0.07142857142857142,42,0.4489895470383275
V_138,V_138_R01_L037,"[347, 2339, 2190, 2498]",41.0,0.037037037037037035,27,0.5024028906955735
V_138,V_138_R01_L041,"[410, 2591, 2201, 2725]",41.0,0.15151515151515152,33,0.543710273466371
V_138,V_138_R01_L043,"[299, 2729, 2282, 2850]",41.0,0.09090909090909091,33,0.44505543237250555
V_138,V_138_R01_L045,"[271, 2841, 2236, 2986]",41.0,0.047619047619047616,42,0.47200929152148663
V_138,V_138_R01_L046,"[321, 2944, 1330, 3047]",41.0,0.043478260869565216,23,0.3449416755037116
V_139,V_139_R01_L001,"[650, 153, 2668, 409]",42.0,0.027777777777777776,36,0.7592063492063491
V_139,V_139_R01_L002,"[748, 256, 2710, 422]",42.0,0.09523809523809523,42,0.5695238095238095
V_139,V_139_R01_L004,"[650, 489, 2673, 658]",42.0,0.0,45,0.4828571428571428
V_139,V_139_R01_L005,"[663, 578, 2631, 813]",42.0,0.022727272727272728,44,0.6941558441558441
V_139,V_139_R01_L006,"[650, 833, 2619, 947]",42.0,0.0,30,0.32571428571428573
V_139,V_139_R01_L007,"[650, 892, 2649, 1102]",42.0,0.02127659574468085,47,0.6212765957446809
V_139,V_139_R01_L009,"[721, 1199, 2638, 1399]",42.0,0.0,23,0.5714285714285714
V_139,V_139_R01_L010,"[650, 1388, 2639, 1575]",42.0,0.0,52,0.5342857142857143
V_139,V_139_R01_L011,"[698, 1483, 2649, 1673]",42.0,0.0,46,0.5428571428571428
V_139,V_139_R01_L012,"[793, 1636, 2590, 1784]",42.0,0.0,32,0.4228571428571428
V_139,V_139_R01_L014,"[669, 1947, 2607, 2116]",42.0,0.0,32,0.4828571428571428
V_139,V_139_R01_L015,"[831, 2010, 2576, 2170]",42.0,0.16129032258064516,31,0.6184331797235022
V_139,V_139_R01_L016,"[875, 2066, 2609, 2218]",42.0,0.041666666666666664,24,0.47595238095238096
V_139,V_139_R01_L017,"[870, 2149, 2551, 2300]",42.0,0.05714285714285714,35,0.4885714285714286
V_139,V_139_R01_L019,"[719, 2279, 2640, 2424]",42.0,0.08333333333333333,36,0.4976190476190476
V_139,V_139_R01_L020,"[821, 2352, 2628, 2489]",42.0,0.023809523809523808,42,0.4152380952380952
V_139,V_139_R01_L021,"[862, 2401, 2432, 2580]",42.0,0.03333333333333333,30,0.5447619047619048
V_139,V_139_R01_L022,"[774, 2537, 2621, 2674]",42.0,0.027777777777777776,36,0.4192063492063492
V_139,V_139_R01_L024,"[705, 2610, 2366, 2767]",42.0,0.3,30,0.7485714285714286
V_139,V_139_R01_L025,"[788, 2686, 2670, 2833]",42.0,0.16129032258064516,31,0.5812903225806452
V_139,V_139_R01_L026,"[832, 2749, 2690, 2878]",42.0,0.14285714285714285,35,0.5114285714285715
V_139,V_139_R01_L027,"[810, 2820, 2642, 2954]",42.0,0.09090909090909091,33,0.47376623376623384
V_139,V_139_R01_L028,"[763, 2876, 2669, 3046]",42.0,0.1794871794871795,39,0.6652014652014652
V_139,V_139_R01_L030,"[699, 2958, 2382, 3132]",42.0,0.0,34,0.49714285714285716
V_142,V_142_R01_L001,"[357, 455, 1747, 573]",41.0,0.034482758620689655,29,0.3798486122792262
V_142,V_142_R01_L002,"[370, 498, 1742, 627]",41.0,0.037037037037037035,27,0.41459801264679313
V_142,V_142_R01_L004,"[405, 612, 1672, 750]",41.0,0.034482758620689655,29,0.4383851976450799
V_142,V_142_R01_L005,"[369, 681, 1752, 812]",41.0,0.14814814814814814,27,0.5315627822944896
V_142,V_142_R01_L007,"[330, 800, 1916, 940]",41.0,0.058823529411764705,34,0.4685796269727403
V_142,V_142_R01_L009,"[381, 938, 1801, 1063]",41.0,0.08,25,0.4458536585365854
V_142,V_142_R01_L010,"[386, 993, 1768, 1115]",41.0,0.037037037037037035,27,0.39411020776874434
V_142,V_142_R01_L012,"[313, 1101, 1818, 1255]",41.0,0.06666666666666667,30,0.5173983739837398
V_142,V_142_R01_L014,"[382, 1255, 1906, 1392]",41.0,0.0625,32,0.46347560975609753
V_142,V_142_R02_L001,"[343, 1392, 1480, 1472]",40.0,0.0,24,0.24
V_142,V_142_R02_L002,"[398, 1409, 1444, 1532]",40.0,0.05263157894736842,19,0.4216315789473684
V_142,V_142_R02_L006,"[357, 1660, 1443, 1814]",40.0,0.08695652173913043,23,0.5489565217391303
V_142,V_142_R02_L007,"[344, 1758, 1462, 1863]",40.0,0.0,24,0.315
V_142,V_142_R02_L009,"[355, 1910, 1475, 2002]",40.0,0.2608695652173913,23,0.5368695652173913
V_142,V_142_R02_L010,"[366, 1973, 1480, 2058]",40.0,0.10526315789473684,19,0.36026315789473684
V_142,V_142_R02_L013,"[361, 2136, 1480, 2261]",40.0,0.045454545454545456,22,0.42045454545454547
V_142,V_142_R02_L015,"[363, 2237, 1480, 2369]",40.0,0.125,16,0.5209999999999999
V_142,V_142_R02_L016,"[374, 2285, 1480, 2428]",40.0,0.1111111111111111,18,0.5401111111111111
V_142,V_142_R02_L019,"[351, 2509, 1480, 2638]",40.0,0.04,25,0.427
V_142,V_142_R02_L021,"[390, 2641, 1480, 2760]",40.0,0.08,25,0.437
V_142,V_142_R02_L022,"[335, 2745, 1413, 2831]",40.0,0.0,20,0.258
V_142,V_142_R02_L024,"[376, 2872, 1417, 2991]",40.0,0.0,21,0.357
V_142,V_142_R02_L026,"[386, 2988, 1477, 3113]",40.0,0.0,24,0.375
V_142,V_142_R02_L027,"[385, 3074, 1370, 3202]",40.0,0.0,18,0.384
V_143,V_143_R01_L001,"[953, 289, 2564, 455]",40.0,0.047619047619047616,21,0.5456190476190477
V_143,V_143_R01_L002,"[943, 343, 2570, 528]",40.0,0.07692307692307693,39,0.6319230769230768
V_143,V_143_R01_L003,"[988, 478, 2594, 647]",40.0,0.09375,32,0.6007499999999999
V_143,V_143_R01_L004,"[922, 558, 2567, 740]",40.0,0.11904761904761904,42,0.665047619047619
V_143,V_143_R01_L006,"[1006, 701, 2563, 911]",40.0,0.023255813953488372,43,0.6532558139534884
V_143,V_143_R01_L007,"[1031, 850, 2517, 1005]",40.0,0.0,38,0.46499999999999997
V_143,V_143_R01_L008,"[1034, 955, 2543, 1091]",40.0,0.0,39,0.408
V_143,V_143_R01_L009,"[1069, 1059, 2524, 1220]",40.0,0.0,34,0.48300000000000004
V_143,V_143_R01_L010,"[1029, 1120, 2594, 1286]",40.0,0.10344827586206896,29,0.601448275862069
V_143,V_143_R01_L011,"[905, 1146, 2580, 1335]",40.0,0.06451612903225806,31,0.631516129032258
V_143,V_143_R01_L012,"[907, 1265, 2526, 1387]",40.0,0.10714285714285714,28,0.47314285714285714
V_143,V_143_R01_L014,"[862, 1302, 2506, 1482]",40.0,0.03125,32,0.57125
V_143,V_143_R02_L001,"[1068, 2112, 2734, 2239]",39.0,0.0,11,0.39076923076923076
V_143,V_143_R02_L002,"[986, 2118, 2704, 2312]",39.0,0.03333333333333333,30,0.6302564102564102
V_143,V_143_R02_L003,"[1052, 2240, 2756, 2371]",39.0,0.03125,32,0.43432692307692305
V_143,V_143_R02_L004,"[1054, 2313, 2523, 2438]",39.0,0.037037037037037035,27,0.42165242165242167
V_143,V_143_R02_L005,"[1044, 2364, 2561, 2531]",39.0,0.08695652173913043,23,0.6008026755852842
V_143,V_143_R02_L006,"[1121, 2433, 2730, 2549]",39.0,0.0967741935483871,31,0.453697270471464
V_143,V_143_R02_L007,"[1031, 2442, 2546, 2596]",39.0,0.13043478260869565,23,0.6042809364548495
V_143,V_143_R02_L008,"[1049, 2514, 2611, 2668]",39.0,0.11428571428571428,35,0.5881318681318681
V_143,V_143_R02_L010,"[1040, 2642, 2593, 2784]",39.0,0.08108108108108109,37,0.518004158004158
V_143,V_143_R02_L011,"[1025, 2731, 2572, 2897]",39.0,0.037037037037037035,27,0.5478062678062678
V_143,V_143_R02_L012,"[969, 2785, 2588, 2914]",39.0,0.05555555555555555,36,0.4524786324786324
V_143,V_143_R02_L013,"[1000, 2819, 2535, 3002]",39.0,0.02702702702702703,37,0.59010395010395
V_144,V_144_R01_L002,"[250, 363, 2114, 466]",38.0,0.22857142857142856,35,0.5538345864661655
V_144,V_144_R01_L004,"[278, 546, 2099, 685]",38.0,0.0,44,0.43894736842105264
V_144,V_144_R01_L008,"[477, 776, 2129, 905]",38.0,0.14285714285714285,28,0.5502255639097744
V_144,V_144_R01_L009,"[489, 837, 2106, 962]",38.0,0.10256410256410256,39,0.4973009446693657
V_144,V_144_R01_L010,"[338, 925, 1616, 1033]",38.0,0.0,31,0.34105263157894733
V_144,V_144_R01_L013,"[544, 1118, 2101, 1245]",38.0,0.029411764705882353,34,0.4304643962848297
V_144,V_144_R01_L014,"[344, 1165, 2273, 1298]",38.0,0.08333333333333333,36,0.5033333333333333
V_144,V_144_R01_L015,"[330, 1234, 2120, 1352]",38.0,0.03125,32,0.40388157894736837
V_144,V_144_R01_L017,"[464, 1345, 2124, 1488]",38.0,0.03225806451612903,31,0.4838370118845501
V_144,V_144_R01_L018,"[343, 1412, 1652, 1546]",38.0,0.17391304347826086,23,0.5970709382151029
V_144,V_144_R01_L019,"[278, 1504, 2263, 1631]",38.0,0.0,37,0.4010526315789473
V_144,V_144_R01_L021,"[477, 1630, 2144, 1767]",38.0,0.06060606060606061,33,0.493237639553429
V_144,V_144_R01_L022,"[390, 1696, 2130, 1810]",38.0,0.1111111111111111,36,0.4711111111111111
V_144,V_144_R01_L025,"[264, 1883, 2093, 2021]",38.0,0.1388888888888889,36,0.5746783625730995
V_144,V_144_R01_L028,"[329, 2120, 1969, 2284]",38.0,0.0,35,0.5178947368421053
V_144,V_144_R01_L029,"[250, 2229, 2141, 2319]",38.0,0.045454545454545456,44,0.3296650717703349
V_144,V_144_R01_L032,"[486, 2439, 2078, 2556]",38.0,0.0,29,0.3694736842105263
V_144,V_144_R01_L033,"[446, 2519, 2174, 2613]",38.0,0.0,31,0.2968421052631579
V_144,V_144_R01_L034,"[465, 2572, 2339, 2674]",38.0,0.0,27,0.32210526315789473
V_144,V_144_R01_L036,"[281, 2673, 2237, 2812]",38.0,0.047619047619047616,42,0.48656641604010026
V_144,V_144_R01_L037,"[250, 2775, 1919, 2919]",38.0,0.0,32,0.4547368421052631
V_144,V_144_R01_L038,"[471, 2805, 2339, 2928]",38.0,0.05714285714285714,35,0.4455639097744361
V_144,V_144_R01_L041,"[250, 2996, 1896, 3104]",38.0,0.19047619047619047,21,0.5315288220551377
V_144,V_144_R01_L042,"[250, 3145, 2339, 3229]",38.0,0.0,14,0.26526315789473687
V_145,V_145_R01_L001,"[646, 223, 2711, 437]",39.0,0.019230769230769232,52,0.6776923076923077
V_145,V_145_R01_L002,"[662, 393, 2711, 492]",39.0,0.06976744186046512,43,0.3743828264758497
V_145,V_145_R01_L005,"[1024, 562, 2755, 680]",39.0,0.0,41,0.3630769230769231
V_145,V_145_R01_L006,"[1042, 603, 2755, 752]",39.0,0.05263157894736842,38,0.5110931174089068
V_145,V_145_R01_L007,"[1039, 709, 2755, 827]",39.0,0.0,36,0.3630769230769231
V_145,V_145_R01_L009,"[646, 1038, 2755, 1178]",39.0,0.0,40,0.4307692307692308
V_145,V_145_R01_L010,"[967, 1106, 2755, 1261]",39.0,0.0,33,0.4769230769230769
V_145,V_145_R01_L011,"[969, 1190, 2751, 1334]",39.0,0.058823529411764705,34,0.5019004524886878
V_145,V_145_R01_L013,"[960, 1328, 2755, 1451]",39.0,0.03125,32,0.40971153846153846
V_145,V_145_R01_L014,"[1020, 1373, 2755, 1525]",39.0,0.06896551724137931,29,0.536657824933687
V_145,V_145_R01_L017,"[842, 1656, 2755, 1806]",39.0,0.0,47,0.4615384615384615
V_145,V_145_R01_L019,"[646, 1780, 2755, 1908]",39.0,0.07692307692307693,39,0.4707692307692307
V_145,V_145_R01_L020,"[696, 1873, 2748, 1973]",39.0,0.0,41,0.3076923076923077
V_145,V_145_R01_L022,"[702, 2005, 2755, 2131]",39.0,0.0,47,0.38769230769230767
V_145,V_145_R01_L023,"[710, 2047, 2755, 2208]",39.0,0.025,40,0.5203846153846154
V_145,V_145_R01_L024,"[708, 2156, 2494, 2267]",39.0,0.03125,32,0.3727884615384615
V_145,V_145_R01_L026,"[689, 2245, 2725, 2402]",39.0,0.058823529411764705,34,0.5419004524886878
V_145,V_145_R01_L028,"[655, 2362, 2728, 2557]",39.0,0.05128205128205128,39,0.6512820512820513
V_145,V_145_R01_L027,"[697, 2386, 2755, 2493]",39.0,0.0,34,0.3292307692307692
V_145,V_145_R01_L030,"[839, 2661, 2741, 2779]",39.0,0.0,29,0.3630769230769231
V_145,V_145_R01_L033,"[734, 2787, 2755, 2977]",39.0,0.043478260869565216,46,0.6280936454849497
V_145,V_145_R01_L032,"[739, 2804, 2751, 2900]",39.0,0.0,35,0.2953846153846154
V_145,V_145_R01_L035,"[800, 2986, 2755, 3116]",39.0,0.0,27,0.4
V_145,V_145_R01_L036,"[730, 3010, 2755, 3194]",39.0,0.05555555555555555,36,0.6217094017094017
V_146,V_146_R01_L001,"[284, 551, 2309, 676]",36.0,0.0,44,0.4166666666666667
V_146,V_146_R01_L002,"[275, 595, 2176, 743]",36.0,0.04878048780487805,41,0.5421138211382114
V_146,V_146_R01_L005,"[321, 782, 2136, 883]",36.0,0.23529411764705882,34,0.5719607843137254
V_146,V_146_R01_L007,"[288, 947, 2177, 1068]",36.0,0.0,49,0.4033333333333333
V_146,V_146_R01_L008,"[289, 1055, 2125, 1193]",36.0,0.0,40,0.46
V_146,V_146_R01_L010,"[279, 1163, 2124, 1286]",36.0,0.2571428571428571,35,0.667142857142857
V_146,V_146_R01_L011,"[304, 1216, 2102, 1349]",36.0,0.08333333333333333,36,0.5266666666666667
V_146,V_146_R01_L012,"[305, 1253, 2121, 1377]",36.0,0.125,40,0.5383333333333333
V_146,V_146_R01_L014,"[288, 1386, 1982, 1508]",36.0,0.02857142857142857,35,0.4352380952380952
V_146,V_146_R01_L015,"[438, 1439, 1925, 1550]",36.0,0.03125,32,0.40125
V_146,V_146_R01_L018,"[336, 1603, 2319, 1716]",36.0,0.07692307692307693,39,0.4535897435897436
V_146,V_146_R02_L001,"[217, 1867, 2395, 1972]",39.0,0.05555555555555555,36,0.3786324786324786
V_146,V_146_R02_L002,"[288, 1867, 2245, 2018]",39.0,0.1388888888888889,36,0.6035042735042735
V_146,V_146_R02_L004,"[361, 2009, 2203, 2108]",39.0,0.05555555555555555,36,0.3601709401709401
V_146,V_146_R02_L006,"[533, 2221, 2431, 2339]",39.0,0.0,46,0.3630769230769231
V_146,V_146_R02_L007,"[293, 2289, 2424, 2456]",39.0,0.02,50,0.5338461538461539
V_146,V_146_R02_L009,"[203, 2436, 2240, 2601]",39.0,0.07142857142857142,42,0.5791208791208791
V_146,V_146_R02_L010,"[196, 2559, 2088, 2666]",39.0,0.05,40,0.3792307692307692
V_146,V_146_R02_L011,"[196, 2632, 2189, 2758]",39.0,0.0,32,0.38769230769230767
V_146,V_146_R02_L013,"[199, 2763, 2025, 2873]",39.0,0.02702702702702703,37,0.3654885654885655
V_146,V_146_R02_L014,"[362, 2789, 2086, 2926]",39.0,0.05405405405405406,37,0.4755925155925156
V_146,V_146_R02_L015,"[406, 2839, 2242, 2972]",39.0,0.15555555555555556,45,0.5647863247863247
V_146,V_146_R02_L017,"[363, 3004, 2123, 3139]",39.0,0.0,41,0.4153846153846154
V_146,V_146_R02_L018,"[365, 3050, 2071, 3184]",39.0,0.09090909090909091,22,0.5032167832167832
V_147,V_147_R01_L001,"[832, 397, 2683, 548]",35.0,0.0,38,0.5177142857142857
V_147,V_147_R01_L002,"[738, 486, 2679, 593]",35.0,0.0,48,0.3668571428571428
V_147,V_147_R01_L005,"[754, 666, 2683, 772]",35.0,0.0,37,0.3634285714285714
V_147,V_147_R01_L006,"[803, 687, 2631, 853]",35.0,0.05128205128205128,39,0.6204249084249085
V_147,V_147_R01_L008,"[951, 871, 2531, 985]",35.0,0.06060606060606061,33,0.45146320346320346
V_147,V_147_R01_L010,"[946, 979, 2520, 1112]",35.0,0.0,32,0.45599999999999996
V_147,V_147_R01_L012,"[738, 1110, 2461, 1247]",35.0,0.08,25,0.5497142857142857
V_147,V_147_R01_L013,"[766, 1177, 2547, 1300]",35.0,0.10256410256410256,39,0.5242783882783882
V_147,V_147_R01_L015,"[738, 1284, 2657, 1404]",35.0,0.04878048780487805,41,0.4602090592334494
V_147,V_147_R01_L016,"[739, 1335, 2662, 1460]",35.0,0.07142857142857142,42,0.5
V_147,V_147_R01_L017,"[832, 1397, 2692, 1507]",35.0,0.13333333333333333,30,0.5104761904761904
V_147,V_147_R01_L019,"[738, 1579, 2680, 1705]",35.0,0.05263157894736842,38,0.4846315789473684
V_147,V_147_R01_L022,"[738, 1776, 2670, 1910]",35.0,0.0,39,0.4594285714285714
V_147,V_147_R01_L026,"[738, 2049, 2675, 2175]",35.0,0.0,43,0.432
V_147,V_147_R01_L027,"[738, 2116, 2651, 2276]",35.0,0.038461538461538464,52,0.5870329670329669
V_147,V_147_R01_L028,"[738, 2172, 2696, 2344]",35.0,0.03773584905660377,53,0.6274501347708895
V_147,V_147_R01_L030,"[738, 2321, 2675, 2457]",35.0,0.10416666666666667,48,0.5704523809523809
V_147,V_147_R01_L031,"[823, 2418, 2679, 2521]",35.0,0.023809523809523808,42,0.3769523809523809
V_147,V_147_R01_L034,"[798, 2602, 2669, 2698]",35.0,0.0,54,0.3291428571428571
V_147,V_147_R01_L036,"[819, 2706, 2627, 2795]",35.0,0.10810810810810811,37,0.4132509652509652
V_147,V_147_R01_L038,"[830, 2834, 2602, 2932]",35.0,0.0,49,0.33599999999999997
V_147,V_147_R01_L039,"[828, 2871, 2559, 2986]",35.0,0.0,47,0.39428571428571424
V_147,V_147_R01_L041,"[760, 2966, 2565, 3138]",35.0,0.021739130434782608,46,0.6114534161490683
V_147,V_147_R01_L042,"[738, 3226, 2671, 3378]",35.0,0.0,39,0.5211428571428571
V_156,V_156_R01_L001,"[333, 478, 2183, 613]",30.0,0.0,55,0.54
V_156,V_156_R01_L002,"[335, 626, 2167, 754]",30.0,0.0,61,0.512
V_156,V_156_R01_L003,"[333, 851, 2429, 993]",30.0,0.0,59,0.568
V_156,V_156_R01_L004,"[333, 1013, 2146, 1120]",30.0,0.0,53,0.428
V_156,V_156_R01_L005,"[333, 1243, 2171, 1350]",30.0,0.0,56,0.428
V_156,V_156_R01_L006,"[333, 1314, 2166, 1440]",30.0,0.0,56,0.504
V_156,V_156_R01_L007,"[349, 1483, 2223, 1657]",30.0,0.0,57,0.696
V_156,V_156_R01_L008,"[333, 1718, 2222, 1831]",30.0,0.0,50,0.45199999999999996
V_156,V_156_R01_L009,"[338, 1893, 2186, 2061]",30.0,0.0,53,0.6719999999999999
V_156,V_156_R01_L010,"[333, 2068, 2234, 2198]",30.0,0.0,53,0.5199999999999999
V_156,V_156_R01_L011,"[333, 2306, 2218, 2420]",30.0,0.0,49,0.45599999999999996
V_156,V_156_R01_L012,"[339, 2423, 2185, 2553]",30.0,0.0,54,0.5199999999999999
V_156,V_156_R01_L013,"[336, 2541, 2124, 2645]",30.0,0.0,54,0.416
V_156,V_156_R01_L014,"[333, 2584, 2139, 2729]",30.0,0.02,50,0.6
V_140,V_140_R01_L001,"[220, 478, 1879, 657]",39.0,0.0625,32,0.6132692307692307
V_140,V_140_R01_L002,"[461, 574, 2222, 723]",39.0,0.18181818181818182,33,0.6402797202797204
V_140,V_140_R01_L003,"[476, 644, 2205, 762]",39.0,0.11428571428571428,35,0.47736263736263734
V_140,V_140_R01_L004,"[408, 688, 2212, 811]",39.0,0.22580645161290322,31,0.6042679900744417
V_140,V_140_R01_L005,"[207, 734, 2159, 876]",39.0,0.0975609756097561,41,0.534484052532833
V_140,V_140_R01_L006,"[240, 814, 2148, 957]",39.0,0.030303030303030304,33,0.4703030303030302
V_140,V_140_R01_L007,"[275, 854, 2258, 1001]",39.0,0.2631578947368421,38,0.7154655870445343
V_140,V_140_R01_L008,"[199, 900, 2288, 1067]",39.0,0.35135135135135137,37,0.8651975051975052
V_140,V_140_R01_L009,"[283, 954, 2276, 1125]",39.0,0.08333333333333333,36,0.6094871794871796
V_140,V_140_R01_L010,"[211, 1012, 2066, 1200]",39.0,0.12121212121212122,33,0.6996736596736596
V_140,V_140_R01_L011,"[369, 1100, 2281, 1249]",39.0,0.05405405405405406,37,0.5125155925155925
V_140,V_140_R01_L012,"[229, 1152, 2269, 1374]",39.0,0.0,41,0.683076923076923
V_140,V_140_R01_L014,"[334, 1336, 2075, 1463]",39.0,0.027777777777777776,36,0.41854700854700855
V_140,V_140_R02_L001,"[822, 1577, 2236, 1757]",36.0,0.0,27,0.6
V_140,V_140_R02_L002,"[842, 1725, 2239, 1884]",36.0,0.0,26,0.53
V_140,V_140_R02_L003,"[587, 1825, 2257, 1994]",36.0,0.0,34,0.5633333333333334
V_140,V_140_R02_L004,"[647, 1914, 2204, 2136]",36.0,0.03125,32,0.77125
V_140,V_140_R02_L005,"[587, 2067, 2475, 2232]",36.0,0.05714285714285714,35,0.6071428571428571
V_140,V_140_R02_L006,"[587, 2157, 2485, 2385]",36.0,0.025,40,0.7849999999999999
V_140,V_140_R02_L007,"[643, 2373, 2452, 2536]",36.0,0.0,38,0.5433333333333333
V_140,V_140_R02_L008,"[787, 2550, 2197, 2673]",36.0,0.0,35,0.41
V_140,V_140_R02_L009,"[587, 2677, 2167, 2904]",36.0,0.0,31,0.7566666666666666
V_140,V_140_R02_L010,"[587, 2811, 2187, 2967]",36.0,0.0,37,0.5199999999999999
V_140,V_140_R02_L011,"[587, 2966, 2429, 3152]",36.0,0.0,43,0.62
V_141,V_141_R01_L001,"[817, 828, 2618, 972]",38.0,0.0,35,0.4547368421052631
V_141,V_141_R01_L002,"[764, 903, 2636, 1048]",38.0,0.025,40,0.48289473684210527
V_141,V_141_R01_L004,"[784, 1047, 2617, 1183]",38.0,0.16666666666666666,30,0.596140350877193
V_141,V_141_R01_L005,"[797, 1093, 2636, 1245]",38.0,0.11428571428571428,35,0.5942857142857143
V_141,V_141_R01_L006,"[841, 1168, 2620, 1297]",38.0,0.22580645161290322,31,0.6331748726655348
V_141,V_141_R01_L008,"[715, 1281, 2694, 1425]",38.0,0.05,40,0.5047368421052632
V_141,V_141_R01_L009,"[834, 1416, 2660, 1542]",38.0,0.0,41,0.39789473684210525
V_141,V_141_R01_L010,"[906, 1487, 2657, 1627]",38.0,0.0,32,0.4421052631578947
V_141,V_141_R01_L012,"[720, 1615, 2376, 1765]",38.0,0.0967741935483871,31,0.5704584040747028
V_141,V_141_R01_L013,"[1077, 1661, 2423, 1822]",38.0,0.06060606060606061,33,0.5690271132376394
V_141,V_141_R01_L014,"[924, 1755, 2474, 1871]",38.0,0.03225806451612903,31,0.39857385398981326
V_141,V_141_R01_L016,"[739, 1900, 2499, 2000]",38.0,0.0,34,0.31578947368421056
V_141,V_141_R01_L017,"[715, 1946, 2506, 2052]",38.0,0.17142857142857143,35,0.5061654135338345
V_141,V_141_R01_L019,"[906, 2050, 2589, 2195]",38.0,0.14285714285714285,35,0.6007518796992481
V_141,V_141_R01_L020,"[743, 2142, 2586, 2264]",38.0,0.0,24,0.38526315789473686
V_141,V_141_R01_L021,"[715, 2144, 2670, 2333]",38.0,0.0,53,0.5968421052631578
V_141,V_141_R01_L024,"[1001, 2427, 2684, 2554]",38.0,0.05405405405405406,37,0.4551066856330014
V_141,V_141_R01_L025,"[840, 2475, 2695, 2631]",38.0,0.025,40,0.5176315789473684
V_141,V_141_R01_L026,"[715, 2544, 2695, 2683]",38.0,0.025,40,0.46394736842105266
V_141,V_141_R01_L027,"[834, 2633, 2451, 2747]",38.0,0.025,40,0.385
V_141,V_141_R01_L029,"[831, 2735, 2656, 2894]",38.0,0.02631578947368421,38,0.5284210526315789
V_141,V_141_R01_L030,"[839, 2774, 2600, 2917]",38.0,0.09302325581395349,43,0.5446022031823745
V_141,V_141_R01_L032,"[844, 2893, 2692, 3056]",38.0,0.1,40,0.6147368421052631
V_141,V_141_R01_L033,"[846, 2984, 2715, 3106]",38.0,0.027777777777777776,36,0.41304093567251465
V_152,V_152_R01_L001,"[504, 236, 2220, 378]",44.0,0.0,39,0.3872727272727272
V_152,V_152_R01_L002,"[386, 262, 2331, 435]",44.0,0.02702702702702703,37,0.49884520884520883
V_152,V_152_R01_L004,"[398, 431, 2215, 569]",44.0,0.029411764705882353,34,0.4057754010695187
V_152,V_152_R01_L005,"[415, 485, 2213, 639]",44.0,0.06060606060606061,33,0.4806060606060606
V_152,V_152_R01_L006,"[394, 571, 2183, 693]",44.0,0.06666666666666667,30,0.3993939393939394
V_152,V_152_R01_L011,"[419, 901, 2250, 1025]",44.0,0.03125,32,0.3694318181818182
V_152,V_152_R01_L013,"[405, 1018, 2242, 1172]",44.0,0.05555555555555555,36,0.4755555555555555
V_152,V_152_R01_L015,"[478, 1128, 2151, 1308]",44.0,0.07142857142857142,28,0.5623376623376624
V_152,V_152_R01_L018,"[461, 1390, 2463, 1540]",44.0,0.0,36,0.40909090909090906
V_152,V_152_R01_L020,"[411, 1525, 2462, 1675]",44.0,0.07407407407407407,27,0.48316498316498313
V_152,V_152_R01_L022,"[426, 1596, 2462, 1771]",44.0,0.0,44,0.47727272727272724
V_152,V_152_R01_L024,"[430, 1777, 2372, 1970]",44.0,0.05128205128205128,39,0.5776456876456877
V_152,V_152_R01_L025,"[622, 1853, 2456, 2037]",44.0,0.037037037037037035,27,0.5388552188552189
V_152,V_152_R03_L002,"[1257, 2127, 2325, 2221]",44.0,0.0,19,0.25636363636363635
V_152,V_152_R03_L003,"[1229, 2146, 2203, 2319]",44.0,0.08333333333333333,24,0.5551515151515152
V_152,V_152_R02_L001,"[432, 2224, 1046, 2364]",37.0,0.0,14,0.454054054054054
V_152,V_152_R03_L005,"[1303, 2306, 2241, 2482]",44.0,0.05,20,0.53
V_152,V_152_R02_L002,"[433, 2318, 1070, 2424]",37.0,0.0,16,0.34378378378378377
V_152,V_152_R03_L006,"[1236, 2463, 2362, 2612]",44.0,0.0,18,0.4063636363636363
V_152,V_152_R03_L008,"[1213, 2717, 2327, 2908]",44.0,0.0,30,0.5209090909090909
V_152,V_152_R03_L009,"[1212, 2908, 2303, 3100]",44.0,0.0,20,0.5236363636363636
V_152,V_152_R02_L005,"[413, 2937, 1212, 3057]",37.0,0.0,17,0.3891891891891892
V_152,V_152_R02_L006,"[412, 3002, 1180, 3108]",37.0,0.09523809523809523,21,0.439021879021879
V_152,V_152_R03_L011,"[1217, 3086, 2278, 3221]",44.0,0.15789473684210525,19,0.5260765550239235
V_168,V_168_R01_L001,"[389, 317, 1217, 450]",34.0,0.0,24,0.4694117647058823
V_168,V_168_R02_L002,"[1226, 368, 2204, 476]",25.0,0.0,27,0.5184
V_168,V_168_R01_L003,"[392, 502, 1223, 608]",34.0,0.0,23,0.3741176470588235
V_168,V_168_R01_L004,"[376, 581, 1223, 687]",34.0,0.0,22,0.3741176470588235
V_168,V_168_R01_L005,"[393, 644, 1223, 761]",34.0,0.0,20,0.41294117647058826
V_168,V_168_R01_L007,"[402, 785, 1223, 901]",34.0,0.0,22,0.4094117647058823
V_168,V_168_R01_L008,"[353, 872, 1210, 981]",34.0,0.0,22,0.3847058823529412
V_168,V_168_R01_L010,"[353, 1012, 1192, 1152]",34.0,0.0,20,0.49411764705882344
V_168,V_168_R01_L012,"[353, 1148, 1164, 1274]",34.0,0.0,23,0.4447058823529412
V_168,V_168_R01_L013,"[401, 1226, 1083, 1334]",34.0,0.0,19,0.3811764705882353
V_168,V_168_R01_L014,"[389, 1300, 1066, 1437]",34.0,0.0,17,0.4835294117647059
V_168,V_168_R01_L016,"[406, 1460, 1076, 1557]",34.0,0.0,13,0.3423529411764706
V_168,V_168_R01_L017,"[397, 1539, 1223, 1633]",34.0,0.0,17,0.3317647058823529
V_168,V_168_R01_L019,"[402, 1674, 1009, 1768]",34.0,0.0,13,0.3317647058823529
V_168,V_168_R01_L020,"[406, 1715, 1004, 1844]",34.0,0.0,12,0.4552941176470588
V_168,V_168_R01_L021,"[422, 1809, 1166, 1918]",34.0,0.0,16,0.3847058823529412
V_168,V_168_R01_L023,"[414, 1914, 1052, 2053]",34.0,0.06666666666666667,15,0.5572549019607843
V_168,V_168_R01_L024,"[397, 2003, 1223, 2133]",34.0,0.05555555555555555,18,0.5143790849673202
V_168,V_168_R01_L025,"[402, 2072, 1036, 2209]",34.0,0.05555555555555555,18,0.5390849673202615
V_168,V_168_R01_L027,"[393, 2257, 1223, 2371]",34.0,0.0,15,0.4023529411764706
V_168,V_168_R01_L028,"[387, 2342, 1184, 2452]",34.0,0.0,16,0.38823529411764707
V_168,V_168_R01_L029,"[417, 2403, 1168, 2516]",34.0,0.0,13,0.3988235294117647
V_168,V_168_R01_L031,"[437, 2575, 1079, 2671]",34.0,0.0,13,0.3388235294117647
V_168,V_168_R01_L032,"[442, 2653, 1223, 2743]",34.0,0.0,15,0.3176470588235294
V_186,V_186_R01_L001,"[213, 76, 2085, 161]",38.0,0.0,9,0.26842105263157895
V_186,V_186_R01_L002,"[340, 151, 2464, 305]",38.0,0.0,52,0.48631578947368415
V_186,V_186_R01_L004,"[264, 362, 2455, 504]",38.0,0.0,42,0.44842105263157894
V_186,V_186_R01_L005,"[213, 435, 2464, 602]",38.0,0.075,40,0.6023684210526314
V_186,V_186_R01_L006,"[343, 516, 2464, 670]",38.0,0.08,50,0.5663157894736841
V_186,V_186_R01_L008,"[213, 741, 1991, 920]",38.0,0.05714285714285714,35,0.622406015037594
V_186,V_186_R01_L010,"[252, 943, 2432, 1102]",38.0,0.047619047619047616,42,0.5497243107769423
V_186,V_186_R01_L011,"[404, 1014, 2439, 1155]",38.0,0.05714285714285714,35,0.502406015037594
V_186,V_186_R01_L013,"[404, 1201, 2394, 1322]",38.0,0.0,33,0.3821052631578947
V_186,V_186_R01_L015,"[237, 1319, 2384, 1433]",38.0,0.23333333333333334,30,0.5933333333333333
V_186,V_186_R01_L016,"[265, 1358, 2116, 1530]",38.0,0.02631578947368421,38,0.5694736842105262
V_186,V_186_R01_L018,"[405, 1583, 2444, 1749]",38.0,0.0,34,0.5242105263157895
V_186,V_186_R01_L019,"[418, 1625, 2441, 1770]",38.0,0.02702702702702703,37,0.48492176386913227
V_186,V_186_R01_L021,"[377, 1771, 2406, 1910]",38.0,0.05128205128205128,39,0.4902294197031039
V_186,V_186_R01_L023,"[394, 1879, 2312, 2024]",38.0,0.13333333333333333,30,0.5912280701754385
V_186,V_186_R01_L024,"[433, 1975, 2446, 2088]",38.0,0.05263157894736842,38,0.4094736842105263
V_186,V_186_R01_L026,"[303, 2094, 2395, 2234]",38.0,0.09090909090909091,44,0.5330143540669856
V_186,V_186_R01_L027,"[415, 2161, 2425, 2317]",38.0,0.05555555555555555,36,0.548187134502924
V_186,V_186_R01_L028,"[485, 2184, 2463, 2334]",38.0,0.09302325581395349,43,0.5667074663402693
V_186,V_186_R01_L031,"[343, 2376, 2427, 2532]",38.0,0.06896551724137931,29,0.5615970961887478
V_186,V_186_R01_L034,"[457, 2565, 2351, 2728]",38.0,0.07142857142857142,28,0.5861654135338346
V_186,V_186_R01_L035,"[297, 2627, 2462, 2789]",38.0,0.0,38,0.5115789473684211
V_186,V_186_R01_L038,"[521, 2843, 2431, 3034]",38.0,0.0,39,0.6031578947368421
V_186,V_186_R01_L040,"[461, 2970, 2255, 3133]",38.0,0.05555555555555555,36,0.5702923976608187
V_187,V_187_R01_L003,"[330, 148, 2473, 334]",38.0,0.09523809523809523,42,0.6826065162907268
V_187,V_187_R01_L002,"[447, 151, 2616, 265]",38.0,0.0784313725490196,51,0.4384313725490196
V_187,V_187_R01_L005,"[474, 342, 2473, 490]",38.0,0.02564102564102564,39,0.49300944669365726
V_187,V_187_R01_L006,"[347, 451, 2523, 611]",38.0,0.0,37,0.5052631578947367
V_187,V_187_R01_L007,"[399, 516, 2501, 672]",38.0,0.1875,32,0.6801315789473684
V_187,V_187_R01_L010,"[498, 726, 2689, 883]",38.0,0.0967741935483871,31,0.5925636672325977
V_187,V_187_R01_L012,"[475, 851, 2620, 974]",38.0,0.058823529411764705,34,0.44724458204334366
V_187,V_187_R01_L013,"[345, 859, 2689, 1042]",38.0,0.05128205128205128,39,0.6291767881241566
V_187,V_187_R01_L015,"[361, 1048, 2465, 1226]",38.0,0.08333333333333333,36,0.645438596491228
V_187,V_187_R01_L016,"[508, 1111, 2467, 1268]",38.0,0.07894736842105263,38,0.5747368421052632
V_187,V_187_R01_L018,"[515, 1242, 2128, 1400]",38.0,0.06060606060606061,33,0.5595534290271132
V_187,V_187_R01_L020,"[522, 1391, 2567, 1541]",38.0,0.029411764705882353,34,0.5030959752321981
V_187,V_187_R01_L022,"[590, 1505, 2689, 1676]",38.0,0.08571428571428572,35,0.6257142857142858
V_187,V_187_R01_L026,"[387, 1811, 2606, 1981]",38.0,0.0,45,0.5368421052631579
V_187,V_187_R01_L027,"[548, 1922, 2234, 2053]",38.0,0.2,30,0.6136842105263158
V_187,V_187_R01_L030,"[536, 2126, 2689, 2284]",38.0,0.020833333333333332,48,0.519780701754386
V_187,V_187_R01_L032,"[606, 2290, 2689, 2428]",38.0,0.0,35,0.43578947368421056
V_187,V_187_R01_L033,"[598, 2344, 2689, 2480]",38.0,0.044444444444444446,45,0.47391812865497074
V_187,V_187_R01_L034,"[545, 2417, 2689, 2554]",38.0,0.07692307692307693,26,0.5095546558704453
V_187,V_187_R01_L036,"[590, 2570, 2598, 2705]",38.0,0.07692307692307693,39,0.5032388663967611
V_187,V_187_R01_L037,"[570, 2615, 2689, 2751]",38.0,0.02564102564102564,39,0.45511470985155195
V_187,V_187_R01_L038,"[646, 2692, 2689, 2822]",38.0,0.03571428571428571,28,0.4462406015037594
V_187,V_187_R01_L040,"[609, 2837, 2689, 2976]",38.0,0.1111111111111111,27,0.5500584795321637
V_187,V_187_R01_L041,"[674, 2868, 2441, 3040]",38.0,0.14634146341463414,41,0.6894993581514762
V_195,V_195_R01_L001,"[396, 95, 1884, 157]",39.0,0.0,17,0.19076923076923075
V_195,V_195_R01_L004,"[577, 249, 2460, 417]",39.0,0.05,40,0.566923076923077
V_195,V_195_R01_L009,"[591, 611, 2475, 741]",39.0,0.1111111111111111,36,0.5111111111111111
V_195,V_195_R01_L012,"[447, 837, 2453, 1009]",39.0,0.0,38,0.5292307692307693
V_195,V_195_R01_L013,"[664, 945, 1845, 1093]",39.0,0.0,24,0.45538461538461533
V_195,V_195_R01_L016,"[604, 1203, 2440, 1322]",39.0,0.0,41,0.3661538461538461
V_195,V_195_R01_L018,"[445, 1315, 2440, 1497]",39.0,0.0,48,0.56
V_195,V_195_R01_L019,"[626, 1456, 2450, 1561]",39.0,0.0,44,0.3230769230769231
V_195,V_195_R01_L021,"[639, 1546, 2458, 1669]",39.0,0.08571428571428572,35,0.46417582417582415
V_195,V_195_R01_L022,"[643, 1599, 2416, 1702]",39.0,0.07894736842105263,38,0.3958704453441295
V_195,V_195_R01_L023,"[495, 1637, 2448, 1807]",39.0,0.05128205128205128,39,0.5743589743589743
V_195,V_195_R01_L025,"[620, 1759, 2450, 1896]",39.0,0.0,44,0.42153846153846153
V_195,V_195_R01_L026,"[486, 1837, 2468, 1960]",39.0,0.0,44,0.37846153846153846
V_195,V_195_R01_L028,"[651, 1967, 2439, 2072]",39.0,0.0,35,0.3230769230769231
V_195,V_195_R01_L030,"[581, 2033, 2458, 2175]",39.0,0.09302325581395349,43,0.5299463327370304
V_195,V_195_R01_L031,"[658, 2108, 2448, 2251]",39.0,0.10810810810810811,37,0.5481081081081081
V_195,V_195_R01_L033,"[500, 2218, 2461, 2374]",39.0,0.0975609756097561,41,0.577560975609756
V_195,V_195_R01_L034,"[657, 2278, 2382, 2413]",39.0,0.02857142857142857,35,0.443956043956044
V_195,V_195_R01_L036,"[465, 2393, 2433, 2580]",39.0,0.0,41,0.5753846153846154
V_195,V_195_R01_L038,"[652, 2662, 2449, 2778]",39.0,0.0,30,0.3569230769230769
V_195,V_195_R01_L039,"[498, 2686, 2460, 2853]",39.0,0.025,40,0.5388461538461539
V_195,V_195_R01_L040,"[659, 2796, 2459, 2910]",39.0,0.0,31,0.3507692307692307
V_195,V_195_R01_L044,"[657, 2975, 2485, 3092]",39.0,0.07894736842105263,38,0.43894736842105264
V_195,V_195_R01_L046,"[643, 3089, 2451, 3217]",39.0,0.1,40,0.4938461538461538
V_196,V_196_R01_L001,"[237, 127, 2257, 241]",37.0,0.0,42,0.36972972972972973
V_196,V_196_R01_L003,"[321, 236, 2159, 354]",37.0,0.07317073170731707,41,0.45587343441001976
V_196,V_196_R01_L008,"[237, 521, 2206, 641]",37.0,0.024390243902439025,41,0.41357943309162826
V_196,V_196_R01_L009,"[335, 559, 2230, 700]",37.0,0.02040816326530612,49,0.47770546056260343
V_196,V_196_R01_L010,"[237, 630, 2203, 753]",37.0,0.022222222222222223,45,0.4211411411411411
V_196,V_196_R01_L012,"[350, 758, 2215, 856]",37.0,0.0,54,0.3178378378378378
V_196,V_196_R01_L016,"[355, 951, 2203, 1054]",37.0,0.0,45,0.33405405405405403
V_196,V_196_R01_L017,"[237, 995, 2191, 1109]",37.0,0.046511627906976744,43,0.41624135763670644
V_196,V_196_R01_L019,"[237, 1084, 2211, 1216]",37.0,0.06818181818181818,44,0.49628992628992624
V_196,V_196_R01_L021,"[345, 1191, 2253, 1295]",37.0,0.04878048780487805,41,0.38607778510217533
V_196,V_196_R01_L022,"[335, 1230, 2206, 1361]",37.0,0.09523809523809523,42,0.5201029601029601
V_196,V_196_R01_L024,"[237, 1442, 2381, 1556]",37.0,0.041666666666666664,48,0.4113963963963964
V_196,V_196_R01_L025,"[237, 1493, 2222, 1640]",37.0,0.044444444444444446,45,0.5212012012012012
V_196,V_196_R01_L028,"[237, 1671, 2393, 1821]",37.0,0.02127659574468085,47,0.5077630822311674
V_196,V_196_R01_L032,"[356, 2107, 2201, 2203]",37.0,0.0,36,0.31135135135135134
V_196,V_196_R01_L034,"[237, 2199, 2228, 2313]",37.0,0.06976744186046512,43,0.43949717159019486
V_196,V_196_R01_L037,"[365, 2365, 2227, 2497]",37.0,0.0,44,0.42810810810810807
V_196,V_196_R01_L038,"[237, 2470, 2254, 2622]",37.0,0.0,46,0.49297297297297293
V_196,V_196_R01_L039,"[379, 2560, 2266, 2670]",37.0,0.0,43,0.3567567567567567
V_196,V_196_R01_L041,"[347, 2677, 1881, 2809]",37.0,0.0,31,0.42810810810810807
V_196,V_196_R01_L042,"[237, 2721, 2266, 2859]",37.0,0.025,40,0.47256756756756757
V_196,V_196_R01_L043,"[253, 2817, 2268, 2944]",37.0,0.0,39,0.4118918918918919
V_196,V_196_R01_L047,"[324, 3043, 2434, 3156]",37.0,0.021739130434782608,46,0.38822561692126906
V_196,V_196_R01_L048,"[351, 3092, 1702, 3220]",37.0,0.038461538461538464,26,0.45359667359667366
V_206,V_206_R01_L001,"[102, 199, 2306, 308]",37.0,0.0,58,0.3535135135135135
V_206,V_206_R01_L002,"[124, 246, 2270, 355]",37.0,0.044444444444444446,45,0.39795795795795796
V_206,V_206_R01_L005,"[228, 388, 2251, 522]",37.0,0.038461538461538464,52,0.47305613305613303
V_206,V_206_R01_L006,"[102, 457, 2323, 592]",37.0,0.03125,32,0.4690878378378378
V_206,V_206_R01_L007,"[113, 518, 2176, 637]",37.0,0.1111111111111111,45,0.49705705705705705
V_206,V_206_R01_L009,"[103, 635, 2298, 763]",37.0,0.10714285714285714,28,0.5222779922779923
V_206,V_206_R01_L010,"[102, 709, 2331, 831]",37.0,0.06521739130434782,46,0.4608930669800235
V_206,V_206_R01_L011,"[116, 775, 2328, 887]",37.0,0.02,50,0.38324324324324327
V_206,V_206_R01_L013,"[102, 867, 2333, 996]",37.0,0.058823529411764705,51,0.4772019077901431
V_206,V_206_R01_L014,"[120, 949, 2308, 1104]",37.0,0.0,51,0.5027027027027027
V_206,V_206_R01_L015,"[102, 1013, 2101, 1149]",37.0,0.0,43,0.4410810810810811
V_206,V_206_R01_L017,"[123, 1148, 2221, 1316]",37.0,0.017241379310344827,58,0.5621062441752097
V_206,V_206_R01_L018,"[141, 1343, 2153, 1480]",37.0,0.0,46,0.4443243243243243
V_206,V_206_R01_L021,"[207, 1556, 2354, 1712]",37.0,0.0,41,0.5059459459459459
V_206,V_206_R01_L022,"[147, 1594, 2354, 1767]",37.0,0.020833333333333332,48,0.5819144144144144
V_206,V_206_R01_L023,"[280, 1708, 2143, 1837]",37.0,0.02702702702702703,37,0.4454054054054054
V_206,V_206_R01_L025,"[315, 1965, 2319, 2102]",37.0,0.0,47,0.4443243243243243
V_206,V_206_R01_L026,"[280, 2086, 2114, 2191]",37.0,0.14705882352941177,34,0.4875993640699523
V_206,V_206_R01_L028,"[296, 2174, 2332, 2316]",37.0,0.058823529411764705,34,0.5193640699523052
V_206,V_206_R01_L031,"[237, 2541, 2298, 2685]",37.0,0.030303030303030304,33,0.4973300573300573
V_206,V_206_R01_L032,"[324, 2620, 2286, 2749]",37.0,0.0625,32,0.4808783783783784
V_206,V_206_R01_L034,"[140, 2819, 2261, 2933]",37.0,0.0,39,0.36972972972972973
V_206,V_206_R01_L036,"[376, 2938, 2151, 3087]",37.0,0.03333333333333333,30,0.5165765765765766
V_206,V_206_R01_L037,"[342, 3012, 2148, 3130]",37.0,0.21212121212121213,33,0.5948239148239148
V_193,V_193_R01_L001,"[161, 150, 2413, 286]",39.200000000000045,0.0,44,0.4163265306122444
V_193,V_193_R01_L002,"[431, 319, 2451, 491]",39.200000000000045,0.0,41,0.5265306122448974
V_193,V_193_R01_L003,"[315, 571, 2413, 745]",39.200000000000045,0.0,42,0.5326530612244892
V_193,V_193_R01_L004,"[313, 689, 2408, 860]",39.200000000000045,0.0,47,0.5234693877551014
V_193,V_193_R01_L005,"[210, 791, 2438, 980]",39.200000000000045,0.0,44,0.5785714285714278
V_193,V_193_R01_L006,"[161, 945, 2277, 1135]",39.200000000000045,0.0,45,0.5816326530612237
V_193,V_193_R01_L007,"[316, 1063, 2421, 1202]",39.200000000000045,0.0,44,0.42551020408163215
V_193,V_193_R01_L008,"[325, 1174, 2380, 1378]",39.200000000000045,0.0,44,0.6244897959183665
V_193,V_193_R01_L009,"[523, 1352, 2363, 1502]",39.200000000000045,0.0,46,0.4591836734693872
V_193,V_193_R01_L010,"[414, 1429, 2373, 1627]",39.200000000000045,0.024390243902439025,41,0.6305126928820302
V_193,V_193_R01_L011,"[547, 1628, 2487, 1770]",39.200000000000045,0.0,40,0.4346938775510199
V_193,V_193_R01_L012,"[169, 1683, 2608, 1909]",39.200000000000045,0.06976744186046512,43,0.7616041765543418
V_193,V_193_R01_L013,"[386, 1860, 2538, 2099]",39.200000000000045,0.0,46,0.7316326530612236
V_193,V_193_R01_L014,"[371, 2126, 2608, 2284]",39.200000000000045,0.0,46,0.4836734693877546
V_193,V_193_R01_L015,"[174, 2234, 2608, 2419]",39.200000000000045,0.0,45,0.5663265306122442
V_193,V_193_R01_L016,"[190, 2332, 2608, 2522]",39.200000000000045,0.0,47,0.5816326530612237
V_193,V_193_R01_L017,"[357, 2435, 2387, 2649]",39.200000000000045,0.023809523809523808,42,0.6789115646258496
V_193,V_193_R01_L018,"[172, 2650, 2608, 2806]",39.200000000000045,0.0,48,0.47755102040816266
V_193,V_193_R01_L019,"[276, 2736, 2413, 2922]",39.200000000000045,0.0,44,0.5693877551020401
V_193,V_193_R01_L020,"[381, 2856, 2608, 3080]",39.200000000000045,0.0,45,0.6857142857142848
V_193,V_193_R01_L021,"[161, 3063, 2359, 3210]",39.200000000000045,0.0,49,0.44999999999999946
V_192,V_192_R01_L001,"[184, 124, 2408, 358]",38.200000000000045,0.0,53,0.7350785340314127
V_192,V_192_R01_L002,"[181, 294, 2274, 493]",38.200000000000045,0.0,46,0.6251308900523552
V_192,V_192_R01_L003,"[326, 373, 2240, 553]",38.200000000000045,0.0,38,0.5654450261780097
V_192,V_192_R01_L004,"[177, 540, 2253, 731]",38.200000000000045,0.0,44,0.5999999999999992
V_192,V_192_R01_L005,"[199, 670, 2265, 839]",38.200000000000045,0.0,44,0.5308900523560203
V_192,V_192_R01_L006,"[152, 843, 2250, 1008]",38.200000000000045,0.0,51,0.5183246073298422
V_192,V_192_R01_L007,"[210, 1024, 2253, 1179]",38.200000000000045,0.0,51,0.48691099476439725
V_192,V_192_R01_L008,"[215, 1152, 2292, 1352]",38.200000000000045,0.0,49,0.6282722513088997
V_192,V_192_R01_L009,"[247, 1313, 2313, 1484]",38.200000000000045,0.0,47,0.5371727748691093
V_192,V_192_R01_L010,"[254, 1491, 2320, 1671]",38.200000000000045,0.0,50,0.5654450261780097
V_192,V_192_R01_L011,"[243, 1678, 2325, 1880]",38.200000000000045,0.0,44,0.6345549738219888
V_192,V_192_R01_L012,"[239, 1926, 2339, 2125]",38.200000000000045,0.0,47,0.6251308900523552
V_192,V_192_R01_L013,"[191, 2128, 2287, 2313]",38.200000000000045,0.0,48,0.5811518324607322
V_192,V_192_R01_L014,"[424, 2209, 2308, 2380]",38.200000000000045,0.0425531914893617,47,0.579725966358471
V_192,V_192_R01_L015,"[408, 2360, 2333, 2510]",38.200000000000045,0.0,38,0.47120418848167483
V_192,V_192_R01_L016,"[259, 2425, 2270, 2606]",38.200000000000045,0.09090909090909091,44,0.6594954783436452
V_192,V_192_R01_L017,"[279, 2618, 2292, 2838]",38.200000000000045,0.0,46,0.6910994764397898
V_192,V_192_R01_L018,"[298, 2809, 2327, 3006]",38.200000000000045,0.0,41,0.6188481675392662
V_192,V_192_R01_L019,"[285, 2986, 2340, 3152]",38.200000000000045,0.0,42,0.5214659685863867
V_192,V_192_R01_L020,"[480, 3113, 2012, 3263]",38.200000000000045,0.0,38,0.47120418848167483
V_158,V_158_R02_L001,"[2742, 149, 4439, 213]",32.0,0.0,13,0.24
V_158,V_158_R02_L002,"[2742, 289, 4505, 412]",32.0,0.022222222222222223,45,0.4834722222222222
V_158,V_158_R02_L005,"[3040, 436, 4505, 544]",32.0,0.030303030303030304,33,0.4353030303030303
V_158,V_158_R01_L001,"[393, 453, 1954, 591]",35.19999999999993,0.0,40,0.47045454545454635
V_158,V_158_R02_L006,"[2922, 522, 4493, 622]",32.0,0.0,39,0.375
V_158,V_158_R01_L005,"[422, 690, 1959, 795]",35.19999999999993,0.047619047619047616,42,0.40557359307359375
V_158,V_158_R01_L006,"[422, 745, 1710, 856]",35.19999999999993,0.058823529411764705,34,0.43723262032085636
V_158,V_158_R01_L008,"[428, 886, 1959, 997]",35.19999999999993,0.05263157894736842,38,0.43104066985646006
V_158,V_158_R01_L012,"[391, 1131, 1953, 1268]",35.19999999999993,0.0,38,0.46704545454545543
V_158,V_158_R03_L001,"[2235, 1150, 4162, 1253]",32.0,0.0,49,0.38625
V_158,V_158_R01_L013,"[435, 1201, 1959, 1319]",35.19999999999993,0.046511627906976744,43,0.44878435517970483
V_158,V_158_R01_L015,"[412, 1308, 1959, 1419]",35.19999999999993,0.0975609756097561,41,0.47597006651884777
V_158,V_158_R03_L002,"[2217, 1330, 4162, 1449]",32.0,0.0,52,0.44625
V_158,V_158_R03_L003,"[2210, 1496, 4162, 1613]",32.0,0.0,45,0.43875
V_158,V_158_R01_L018,"[465, 1521, 1934, 1638]",35.19999999999993,0.0,38,0.39886363636363714
V_158,V_158_R01_L020,"[447, 1639, 1959, 1744]",35.19999999999993,0.02857142857142857,35,0.3865259740259747
V_158,V_158_R01_L026,"[451, 2002, 1959, 2115]",35.19999999999993,0.0,42,0.3852272727272735
V_158,V_158_R01_L028,"[251, 2138, 1959, 2231]",35.19999999999993,0.02564102564102564,39,0.3426864801864808
V_158,V_158_R01_L029,"[479, 2191, 1959, 2306]",35.19999999999993,0.0,34,0.3920454545454553
V_158,V_158_R01_L035,"[283, 2548, 1959, 2635]",35.19999999999993,0.0,32,0.2965909090909097
V_158,V_158_R01_L037,"[527, 2673, 1958, 2738]",35.19999999999993,0.0,35,0.22159090909090953
V_158,V_158_R04_L001,"[2595, 3068, 4167, 3165]",33.0,0.0,24,0.3527272727272727
V_158,V_158_R04_L004,"[2595, 3248, 4155, 3350]",33.0,0.0,38,0.3709090909090909
V_158,V_158_R04_L007,"[2617, 3661, 4309, 3712]",33.0,0.0,15,0.18545454545454546
V_190,V_190_R01_L001,"[263, 171, 2425, 364]",38.0,0.0,39,0.6094736842105263
V_190,V_190_R01_L002,"[263, 353, 2385, 524]",38.0,0.0,43,0.54
V_190,V_190_R01_L003,"[356, 485, 2394, 616]",38.0,0.0,45,0.41368421052631577
V_190,V_190_R01_L004,"[263, 625, 2378, 791]",38.0,0.0,42,0.5242105263157895
V_190,V_190_R01_L005,"[263, 780, 2274, 930]",38.0,0.0,45,0.47368421052631576
V_190,V_190_R01_L006,"[340, 910, 2286, 1058]",38.0,0.0,37,0.4673684210526316
V_190,V_190_R01_L007,"[365, 1004, 2289, 1195]",38.0,0.0,45,0.6031578947368421
V_190,V_190_R01_L008,"[358, 1169, 2330, 1307]",38.0,0.0,50,0.43578947368421056
V_190,V_190_R01_L009,"[364, 1273, 2363, 1458]",38.0,0.0,49,0.5842105263157894
V_190,V_190_R01_L010,"[357, 1443, 2266, 1557]",38.0,0.0,46,0.36
V_190,V_190_R01_L011,"[263, 1521, 2243, 1711]",38.0,0.0,50,0.6
V_190,V_190_R01_L012,"[359, 1747, 2269, 1918]",38.0,0.0,43,0.54
V_190,V_190_R01_L013,"[263, 1860, 2291, 2087]",38.0,0.0,46,0.7168421052631578
V_190,V_190_R01_L014,"[440, 2090, 2271, 2231]",38.0,0.0,37,0.44526315789473686
V_190,V_190_R01_L015,"[263, 2163, 2308, 2376]",38.0,0.0,41,0.6726315789473685
V_190,V_190_R01_L016,"[419, 2390, 2321, 2509]",38.0,0.0,44,0.37578947368421056
V_190,V_190_R01_L017,"[389, 2465, 2247, 2628]",38.0,0.0,37,0.5147368421052632
V_190,V_190_R01_L018,"[457, 2598, 2272, 2742]",38.0,0.0,42,0.4547368421052631
V_190,V_190_R01_L019,"[379, 2709, 2249, 2912]",38.0,0.0,45,0.6410526315789473
V_190,V_190_R01_L020,"[417, 2880, 2280, 3085]",38.0,0.0,47,0.6473684210526315
V_190,V_190_R01_L021,"[360, 3114, 2291, 3279]",38.0,0.0,52,0.5210526315789473
V_200,V_200_R01_L001,"[217, 227, 2249, 372]",35.0,0.0,55,0.49714285714285716
V_200,V_200_R01_L002,"[222, 346, 2273, 499]",35.0,0.0,48,0.5245714285714285
V_200,V_200_R01_L003,"[234, 463, 2269, 584]",35.0,0.0,55,0.41485714285714287
V_200,V_200_R01_L004,"[180, 556, 2264, 709]",35.0,0.0,53,0.5245714285714285
V_200,V_200_R01_L005,"[215, 668, 2245, 800]",35.0,0.0,50,0.45257142857142857
V_200,V_200_R01_L006,"[250, 759, 2247, 858]",35.0,0.0,49,0.3394285714285714
V_200,V_200_R01_L007,"[212, 842, 2323, 1066]",35.0,0.0,48,0.768
V_200,V_200_R01_L008,"[240, 1031, 2198, 1176]",35.0,0.0,50,0.49714285714285716
V_200,V_200_R01_L009,"[180, 1242, 2197, 1440]",35.0,0.0,50,0.6788571428571428
V_200,V_200_R01_L010,"[180, 1403, 2201, 1570]",35.0,0.0,52,0.5725714285714285
V_200,V_200_R01_L011,"[180, 1629, 2194, 1788]",35.0,0.0,55,0.5451428571428572
V_200,V_200_R01_L012,"[247, 1793, 2232, 1914]",35.0,0.0,52,0.41485714285714287
V_200,V_200_R01_L013,"[180, 1869, 2205, 2061]",35.0,0.0,56,0.6582857142857143
V_200,V_200_R01_L014,"[263, 1987, 2168, 2124]",35.0,0.0,56,0.4697142857142857
V_200,V_200_R01_L015,"[180, 2106, 2218, 2276]",35.0,0.0,60,0.5828571428571427
V_200,V_200_R01_L016,"[180, 2275, 2220, 2423]",35.0,0.0,51,0.5074285714285715
V_200,V_200_R01_L017,"[180, 2466, 2218, 2630]",35.0,0.0,48,0.5622857142857143
V_200,V_200_R01_L018,"[180, 2603, 2207, 2755]",35.0,0.0,53,0.5211428571428571
V_200,V_200_R01_L019,"[180, 2795, 2216, 3003]",35.0,0.0,48,0.7131428571428572
V_200,V_200_R01_L020,"[283, 2953, 2268, 3137]",35.0,0.0,44,0.6308571428571428
V_200,V_200_R01_L021,"[291, 3100, 2201, 3253]",35.0,0.0,51,0.5245714285714285
V_179,V_179_R03_L001,"[5225, 1449, 7186, 1603]",29.0,0.0,44,0.6372413793103449
V_179,V_179_R02_L002,"[3094, 1512, 5042, 1723]",30.0,0.0,23,0.844
V_179,V_179_R03_L002,"[5243, 1605, 7186, 1734]",29.0,0.0,19,0.5337931034482758
V_179,V_179_R03_L003,"[5096, 1722, 7163, 1856]",29.0,0.0,49,0.5544827586206896
V_179,V_179_R02_L003,"[3133, 1740, 5084, 1894]",30.0,0.0,44,0.616
V_179,V_179_R03_L004,"[5090, 1822, 7145, 1921]",29.0,0.0196078431372549,51,0.42926301555104796
V_179,V_179_R03_L005,"[5110, 1880, 7144, 2010]",29.0,0.0,46,0.5379310344827586
V_179,V_179_R02_L005,"[3095, 1894, 5072, 2044]",30.0,0.0,48,0.6
V_179,V_179_R02_L006,"[3091, 1972, 5064, 2110]",30.0,0.0,52,0.5519999999999999
V_179,V_179_R03_L007,"[5092, 2025, 7166, 2131]",29.0,0.017241379310344827,58,0.45586206896551723
V_179,V_179_R02_L007,"[3219, 2044, 5090, 2162]",30.0,0.0,47,0.472
V_179,V_179_R01_L002,"[796, 2045, 2835, 2280]",30.0,0.05714285714285714,35,0.9971428571428571
V_179,V_179_R03_L008,"[5090, 2113, 7167, 2197]",29.0,0.0,35,0.34758620689655173
V_179,V_179_R03_L009,"[5090, 2201, 7173, 2371]",29.0,0.0,49,0.7034482758620689
V_179,V_179_R02_L009,"[3318, 2252, 5090, 2403]",30.0,0.11627906976744186,43,0.7202790697674418
V_179,V_179_R03_L010,"[5118, 2296, 7152, 2410]",29.0,0.16666666666666666,42,0.6383908045977011
V_179,V_179_R03_L011,"[5090, 2334, 7182, 2452]",29.0,0.2127659574468085,47,0.7010418195157739
V_179,V_179_R01_L003,"[686, 2365, 2662, 2584]",30.0,0.0,43,0.876
V_179,V_179_R03_L012,"[5090, 2416, 7186, 2521]",29.0,0.02702702702702703,37,0.46150978564771666
V_179,V_179_R02_L011,"[3115, 2445, 4837, 2569]",30.0,0.11764705882352941,34,0.6136470588235294
V_179,V_179_R03_L013,"[5090, 2475, 7158, 2599]",29.0,0.14285714285714285,28,0.6559605911330049
V_179,V_179_R01_L004,"[882, 2631, 2673, 2771]",30.0,0.0,40,0.56
V_179,V_179_R01_L005,"[873, 2730, 2665, 2909]",30.0,0.0,43,0.716
V_179,V_179_R01_L006,"[892, 2935, 2656, 3075]",30.0,0.0,44,0.56
V_188,V_188_R01_L001,"[285, 376, 2458, 592]",40.0,0.0,47,0.648
V_188,V_188_R01_L002,"[297, 499, 2499, 665]",40.0,0.043478260869565216,46,0.5414782608695652
V_188,V_188_R01_L003,"[300, 580, 2471, 716]",40.0,0.09523809523809523,42,0.5032380952380953
V_188,V_188_R01_L005,"[316, 679, 1964, 825]",40.0,0.09090909090909091,33,0.5289090909090909
V_188,V_188_R01_L006,"[288, 752, 2402, 959]",40.0,0.022727272727272728,44,0.6437272727272727
V_188,V_188_R01_L007,"[308, 834, 2378, 1015]",40.0,0.047619047619047616,42,0.5906190476190476
V_188,V_188_R01_L008,"[331, 856, 2427, 1092]",40.0,0.0425531914893617,47,0.7505531914893616
V_188,V_188_R01_L009,"[337, 1004, 2381, 1154]",40.0,0.08695652173913043,23,0.5369565217391303
V_188,V_188_R01_L010,"[303, 1094, 2439, 1257]",40.0,0.019230769230769232,52,0.5082307692307693
V_188,V_188_R01_L012,"[281, 1238, 2075, 1409]",40.0,0.025,40,0.538
V_188,V_188_R01_L013,"[371, 1346, 2409, 1480]",40.0,0.02631578947368421,38,0.4283157894736842
V_188,V_188_R01_L014,"[355, 1381, 2434, 1555]",40.0,0.05263157894736842,38,0.5746315789473684
V_188,V_188_R01_L015,"[356, 1440, 2470, 1610]",40.0,0.20689655172413793,29,0.7168965517241379
V_188,V_188_R01_L016,"[234, 1550, 2416, 1668]",40.0,0.13513513513513514,37,0.4891351351351351
V_188,V_188_R01_L017,"[370, 1569, 2480, 1737]",40.0,0.075,40,0.579
V_188,V_188_R01_L019,"[160, 1744, 2479, 1972]",40.0,0.021739130434782608,46,0.7057391304347825
V_188,V_188_R01_L020,"[198, 1967, 2456, 2194]",40.0,0.0,42,0.6809999999999999
V_188,V_188_R01_L021,"[225, 2149, 2423, 2349]",40.0,0.0,46,0.6
V_188,V_188_R01_L022,"[356, 2315, 2458, 2491]",40.0,0.0,38,0.528
V_188,V_188_R01_L023,"[388, 2406, 2255, 2571]",40.0,0.05555555555555555,36,0.5505555555555556
V_188,V_188_R01_L024,"[388, 2457, 2434, 2692]",40.0,0.05555555555555555,36,0.7605555555555555
V_188,V_188_R01_L026,"[252, 2727, 2414, 2871]",40.0,0.029411764705882353,34,0.46141176470588235
V_188,V_188_R01_L027,"[409, 2768, 2470, 2919]",40.0,0.24324324324324326,37,0.6962432432432433
V_188,V_188_R01_L028,"[401, 2830, 2368, 3023]",40.0,0.14285714285714285,42,0.7218571428571428
V_189,V_189_R01_L001,"[241, 186, 2417, 403]",39.0,0.0,55,0.6676923076923076
V_189,V_189_R01_L002,"[285, 379, 2466, 540]",39.0,0.0,48,0.4953846153846154
V_189,V_189_R01_L004,"[376, 615, 2512, 819]",39.0,0.0,50,0.6276923076923077
V_189,V_189_R01_L005,"[426, 761, 2485, 949]",39.0,0.06666666666666667,45,0.645128205128205
V_189,V_189_R01_L006,"[442, 849, 2498, 985]",39.0,0.1388888888888889,36,0.5573504273504273
V_189,V_189_R01_L008,"[278, 951, 1831, 1120]",39.0,0.13793103448275862,29,0.6579310344827585
V_189,V_189_R01_L009,"[413, 1017, 2409, 1195]",39.0,0.045454545454545456,44,0.593146853146853
V_189,V_189_R01_L010,"[445, 1118, 2429, 1255]",39.0,0.0625,48,0.48403846153846153
V_189,V_189_R01_L011,"[440, 1182, 2394, 1305]",39.0,0.023255813953488372,43,0.4017173524150268
V_189,V_189_R01_L013,"[417, 1287, 2395, 1457]",39.0,0.13636363636363635,44,0.6594405594405593
V_189,V_189_R01_L014,"[410, 1377, 2234, 1532]",39.0,0.09090909090909091,33,0.5678321678321678
V_189,V_189_R01_L015,"[455, 1420, 2447, 1634]",39.0,0.0,49,0.6584615384615384
V_189,V_189_R01_L017,"[289, 1610, 2448, 1819]",39.0,0.3888888888888889,36,1.031965811965812
V_189,V_189_R01_L018,"[445, 1680, 2205, 1851]",39.0,0.21739130434782608,23,0.7435451505016722
V_189,V_189_R01_L019,"[303, 1767, 2439, 1997]",39.0,0.022222222222222223,45,0.72991452991453
V_189,V_189_R01_L021,"[287, 2007, 2431, 2200]",39.0,0.2608695652173913,23,0.854715719063545
V_189,V_189_R01_L022,"[323, 2092, 2472, 2248]",39.0,0.0425531914893617,47,0.5225531914893616
V_189,V_189_R01_L023,"[313, 2177, 2442, 2329]",39.0,0.045454545454545456,44,0.5131468531468532
V_189,V_189_R01_L024,"[405, 2253, 2419, 2429]",39.0,0.0,30,0.5415384615384615
V_189,V_189_R01_L026,"[423, 2397, 2380, 2542]",39.0,0.07894736842105263,38,0.5251012145748988
V_189,V_189_R01_L027,"[446, 2452, 2439, 2620]",39.0,0.0,40,0.5169230769230769
V_189,V_189_R01_L028,"[448, 2548, 2445, 2685]",39.0,0.02564102564102564,39,0.4471794871794872
V_189,V_189_R01_L030,"[401, 2718, 2415, 2856]",39.0,0.0,41,0.42461538461538456
V_189,V_189_R01_L031,"[440, 2796, 1138, 2916]",39.0,0.0,17,0.36923076923076925
