view_id,split,lines,groups,fine_components,assemblies,admitted_fine_groups,admitted_medium_groups,schema_valid
V_004,calibration,25,396,1112,2946,74,139,True
V_005,calibration,18,93,351,862,23,39,True
V_006,train,13,105,410,864,28,35,True
V_007,train,7,48,180,436,19,24,True
V_008,test,18,99,387,800,29,31,True
V_009,test,14,109,352,860,31,38,True
V_010,validation,16,110,373,818,19,25,True
V_011,validation,13,93,341,839,17,41,True
V_012,train,4,33,146,337,9,13,True
V_013,train,5,46,190,439,16,17,True
V_014,train,12,93,306,723,26,44,True
V_015,train,21,156,494,1154,26,39,True
V_016,train,9,73,251,591,23,31,True
V_017,train,9,55,279,558,16,13,True
V_018,test,16,148,527,1280,48,55,True
V_019,test,16,149,487,1220,51,63,True
V_020,validation,10,83,382,829,17,33,True
V_021,validation,11,83,382,754,18,14,True
V_022,validation,12,94,397,859,26,29,True
V_023,validation,8,51,214,437,10,20,True
V_024,validation,7,50,217,447,18,12,True
V_025,validation,6,47,221,461,6,7,True
V_026,validation,10,82,304,660,31,34,True
V_027,validation,8,47,198,409,12,19,True
V_028,train,13,108,393,893,20,31,True
V_029,train,8,53,271,542,20,13,True
V_030,test,15,111,401,902,22,34,True
V_031,test,12,73,285,626,21,23,True
V_032,train,12,84,364,742,24,20,True
V_033,train,10,85,341,740,18,20,True
V_034,train,11,102,349,856,26,34,True
V_035,train,24,166,542,1249,55,59,True
V_036,train,15,114,432,949,24,30,True
V_037,train,10,58,290,585,18,23,True
V_038,test,12,77,328,678,17,20,True
V_039,test,13,85,381,787,18,19,True
V_040,train,13,87,370,887,28,40,True
V_041,train,6,46,173,389,17,14,True
V_042,train,12,84,366,783,19,29,True
V_043,train,7,45,207,431,12,15,True
V_044,test,12,80,397,764,19,16,True
V_045,test,18,66,316,598,9,14,True
V_046,validation,4,35,197,384,8,15,True
V_047,validation,11,82,404,814,18,22,True
V_048,validation,10,46,166,351,12,10,True
V_049,validation,12,98,333,812,20,21,True
V_050,train,6,50,210,466,13,14,True
V_051,train,7,66,251,592,10,26,True
V_052,calibration,5,49,222,423,4,13,True
V_053,calibration,8,75,372,729,13,20,True
V_054,train,13,87,315,720,38,37,True
V_055,train,7,68,294,647,16,20,True
V_056,validation,9,74,315,674,21,25,True
V_057,validation,8,62,225,506,26,24,True
V_058,train,9,72,247,570,20,32,True
V_059,train,8,65,268,577,21,24,True
V_060,train,9,79,307,674,16,37,True
V_061,train,7,52,169,390,19,18,True
V_062,validation,7,58,267,540,5,10,True
V_063,validation,5,51,244,517,11,20,True
V_064,test,19,89,358,793,25,21,True
V_065,test,9,72,242,574,18,25,True
V_066,train,3,26,159,288,4,5,True
V_067,train,9,83,364,766,20,26,True
V_068,train,9,76,440,820,16,16,True
V_069,train,10,98,497,975,19,37,True
V_070,train,15,121,452,1042,22,43,True
V_071,train,22,113,427,1016,25,34,True
V_072,train,9,61,274,558,18,21,True
V_073,train,14,67,292,598,22,19,True
V_074,train,11,82,341,725,21,25,True
V_075,train,19,70,324,647,8,9,True
V_076,train,6,48,193,452,9,16,True
V_077,train,7,45,166,386,6,16,True
V_078,train,6,41,297,540,7,11,True
V_079,train,9,79,376,779,16,15,True
V_080,train,15,67,291,634,20,21,True
V_081,train,22,122,510,1112,17,31,True
V_082,calibration,10,128,576,1228,9,15,True
V_083,calibration,5,38,222,391,6,11,True
V_084,validation,30,164,575,1374,59,77,True
V_085,validation,14,127,476,1148,38,48,True
V_086,train,14,134,691,1332,30,32,True
V_087,train,14,127,588,1182,28,41,True
V_088,test,11,79,362,750,17,14,True
V_089,test,13,99,444,915,19,32,True
V_090,train,9,86,362,753,22,24,True
V_091,train,12,62,263,545,16,19,True
V_092,train,10,104,504,971,25,33,True
V_093,train,6,61,331,634,8,17,True
V_094,test,8,58,220,502,15,26,True
V_095,test,13,108,330,823,34,37,True
V_096,test,7,77,385,727,14,21,True
V_097,test,2,18,116,215,0,4,True
V_098,test,21,148,547,1401,38,63,True
V_099,test,24,186,685,1750,58,74,True
V_100,train,9,76,387,767,21,29,True
V_101,train,8,77,344,726,22,32,True
V_102,test,16,85,386,762,21,24,True
V_103,test,20,72,341,671,14,15,True
V_104,test,8,62,345,681,13,13,True
V_105,test,12,70,297,661,9,20,True
V_106,test,6,49,206,456,9,17,True
V_107,test,13,82,357,763,26,23,True
V_108,test,8,78,263,601,22,29,True
V_109,test,14,90,355,760,20,21,True
V_110,test,12,108,472,997,43,52,True
V_111,test,11,107,411,903,32,42,True
V_112,train,19,102,375,962,35,39,True
V_113,train,9,81,263,674,14,32,True
V_114,train,5,58,234,551,10,7,True
V_115,train,0,0,0,0,0,0,True
V_116,calibration,39,295,1499,2891,88,98,True
V_117,calibration,35,293,1190,2363,85,102,True
V_118,train,0,0,0,0,0,0,True
V_119,train,13,70,263,607,9,19,True
V_120,test,15,152,727,1412,34,36,True
V_121,test,11,114,529,1124,20,38,True
V_122,calibration,7,77,321,738,9,27,True
V_123,calibration,0,0,0,0,0,0,True
V_124,train,0,0,0,0,0,0,True
V_125,train,5,52,249,479,10,11,True
V_126,calibration,5,44,181,419,9,21,True
V_127,calibration,13,100,374,813,19,30,True
V_128,calibration,0,0,0,0,0,0,True
V_129,calibration,0,0,0,0,0,0,True
V_130,validation,0,0,0,0,0,0,True
V_131,validation,0,0,0,0,0,0,True
V_132,validation,0,0,0,0,0,0,True
V_133,validation,0,0,0,0,0,0,True
V_134,train,0,0,0,0,0,0,True
V_135,train,0,0,0,0,0,0,True
V_136,calibration,63,347,1511,3042,78,75,True
V_137,calibration,35,183,864,1661,46,56,True
V_138,train,46,426,1736,3458,141,122,True
V_139,train,30,238,1101,2135,61,68,True
V_140,test,25,214,868,1731,51,48,True
V_141,test,33,304,1181,2507,106,123,True
V_142,train,41,237,943,1914,73,66,True
V_143,train,27,214,849,1731,73,70,True
V_144,train,42,388,1435,3060,110,130,True
V_145,train,36,319,1355,2727,68,77,True
V_146,train,37,364,1458,3004,114,119,True
V_147,train,42,408,1687,3493,102,113,True
V_148,train,27,162,618,1258,48,46,True
V_149,train,25,188,724,1497,63,62,True
V_150,calibration,22,162,660,1299,50,48,True
V_151,calibration,29,238,1030,2025,69,65,True
V_152,test,43,282,1183,2318,90,73,True
V_153,test,27,234,911,1863,73,84,True
V_154,test,25,166,833,1601,54,44,True
V_155,test,35,275,1103,2189,82,84,True
V_156,validation,14,132,760,1552,19,37,True
V_157,validation,37,347,1544,3137,112,127,True
V_158,validation,55,488,1979,4067,118,137,True
V_159,validation,0,0,0,0,0,0,True
V_160,validation,14,97,356,809,19,29,True
V_161,validation,14,93,344,765,14,23,True
V_162,calibration,13,111,394,862,25,44,True
V_163,calibration,38,469,1601,3759,63,119,True
V_164,calibration,14,249,663,1701,51,77,True
V_165,calibration,33,308,1114,2564,69,92,True
V_166,calibration,8,86,290,685,18,29,True
V_167,calibration,12,121,434,1037,21,35,True
V_168,train,36,175,674,1523,52,64,True
V_169,train,10,76,396,791,22,22,True
V_170,train,8,74,334,685,25,30,True
V_171,train,17,140,749,1483,28,43,True
V_172,train,4,34,168,339,10,16,True
V_173,train,9,89,415,832,32,26,True
V_174,validation,16,93,358,796,31,31,True
V_175,validation,12,101,311,772,9,18,True
V_176,calibration,15,119,557,1128,32,32,True
V_177,calibration,10,96,372,785,12,21,True
V_178,test,7,59,268,560,10,15,True
V_179,test,32,398,1295,3159,89,146,True
V_180,test,7,75,280,666,13,23,True
V_181,test,22,184,841,1810,22,52,True
V_182,test,16,179,608,1454,37,42,True
V_183,test,14,128,487,1048,28,46,True
V_184,calibration,42,412,1919,3764,90,100,True
V_185,calibration,37,282,1394,2652,65,83,True
V_186,train,40,360,1507,3079,117,114,True
V_187,train,41,378,1485,3069,128,109,True
V_188,test,28,240,1129,2210,70,77,True
V_189,test,31,252,1199,2276,74,74,True
V_190,validation,21,175,925,1748,39,40,True
V_191,validation,20,165,968,1765,25,39,True
V_192,train,20,164,908,1649,36,37,True
V_193,train,21,197,933,1813,49,40,True
V_194,train,18,155,882,1574,30,37,True
V_195,train,46,379,1781,3478,129,110,True
V_196,train,48,401,2053,4030,116,107,True
V_197,train,20,176,1013,1924,29,36,True
V_198,calibration,37,334,1471,3052,85,104,True
V_199,calibration,21,184,893,1719,34,54,True
V_200,validation,21,190,1084,2043,42,48,True
V_201,validation,21,191,1001,1868,41,39,True
V_202,test,39,345,1540,2995,94,93,True
V_203,test,36,347,1343,2742,98,87,True
V_204,train,20,162,818,1520,39,41,True
V_205,train,19,180,867,1653,44,29,True
V_206,train,38,384,1552,3202,93,101,True
V_207,train,4,55,169,420,5,3,True
